[{"model": "admin.logentry", "pk": 1, "fields": {"action_time": "2022-05-25T09:42:24.396Z", "user": 1, "content_type": 11, "object_id": "2", "object_repr": "factories/Factories_per_region_and_Zone.xlsx_-_Sheet1.csv", "action_flag": 1, "change_message": "[{\"added\": {}}]"}}, {"model": "admin.logentry", "pk": 2, "fields": {"action_time": "2022-05-25T09:45:21.187Z", "user": 1, "content_type": 11, "object_id": "2", "object_repr": "factories/Factories_per_region_and_Zone.xlsx_-_Sheet1.csv", "action_flag": 2, "change_message": "[]"}}, {"model": "admin.logentry", "pk": 3, "fields": {"action_time": "2022-05-25T09:45:30.911Z", "user": 1, "content_type": 11, "object_id": "3", "object_repr": "factories/Factories_per_region_and_Zone.xlsx_-_Sheet1.csv", "action_flag": 1, "change_message": "[{\"added\": {}}]"}}, {"model": "admin.logentry", "pk": 4, "fields": {"action_time": "2022-05-25T09:48:27.820Z", "user": 1, "content_type": 11, "object_id": "4", "object_repr": "factories/Factories_per_region_and_Zone.xlsx_-_Sheet1_cbgzFKH.csv", "action_flag": 1, "change_message": "[{\"added\": {}}]"}}, {"model": "admin.logentry", "pk": 5, "fields": {"action_time": "2022-05-25T09:52:34.014Z", "user": 1, "content_type": 11, "object_id": "4", "object_repr": "factories/Factories_per_region_and_Zone.xlsx_-_Sheet1_cbgzFKH.csv", "action_flag": 2, "change_message": "[]"}}, {"model": "admin.logentry", "pk": 6, "fields": {"action_time": "2022-05-25T09:52:42.349Z", "user": 1, "content_type": 11, "object_id": "5", "object_repr": "factories/KTDA_F_LMEs_Database.xlsx_-_Sheet1.csv", "action_flag": 1, "change_message": "[{\"added\": {}}]"}}, {"model": "admin.logentry", "pk": 7, "fields": {"action_time": "2022-05-25T09:54:09.514Z", "user": 1, "content_type": 11, "object_id": "6", "object_repr": "factories/Factories_per_region_and_Zone.xlsx_-_Sheet1_tUDHKy6.csv", "action_flag": 1, "change_message": "[{\"added\": {}}]"}}, {"model": "admin.logentry", "pk": 8, "fields": {"action_time": "2022-05-25T09:58:26.176Z", "user": 1, "content_type": 11, "object_id": "7", "object_repr": "factories/Factories_per_region_and_Zone.xlsx_-_Sheet1_2FrELD4.csv", "action_flag": 1, "change_message": "[{\"added\": {}}]"}}, {"model": "admin.logentry", "pk": 9, "fields": {"action_time": "2022-05-25T10:05:41.794Z", "user": 1, "content_type": 11, "object_id": "8", "object_repr": "factories/Factories_per_region_and_Zone.xlsx_-_Sheet1_wowdw4c.csv", "action_flag": 1, "change_message": "[{\"added\": {}}]"}}, {"model": "admin.logentry", "pk": 10, "fields": {"action_time": "2022-05-25T10:12:09.319Z", "user": 1, "content_type": 11, "object_id": "11", "object_repr": "factories/Factories_per_region_and_Zone.xlsx_-_Sheet1_Jw0zVHg.csv", "action_flag": 1, "change_message": "[{\"added\": {}}]"}}, {"model": "admin.logentry", "pk": 11, "fields": {"action_time": "2022-05-25T10:15:25.264Z", "user": 1, "content_type": 11, "object_id": "12", "object_repr": "factories/Factories_per_region_and_Zone.xlsx_-_Sheet1_mv90MYJ.csv", "action_flag": 1, "change_message": "[{\"added\": {}}]"}}, {"model": "admin.logentry", "pk": 12, "fields": {"action_time": "2022-05-25T10:21:58.672Z", "user": 1, "content_type": 11, "object_id": "15", "object_repr": "factories/Factories_per_region_and_Zone.xlsx_-_Sheet1.csv", "action_flag": 1, "change_message": "[{\"added\": {}}]"}}, {"model": "admin.logentry", "pk": 13, "fields": {"action_time": "2022-06-02T12:46:09.221Z", "user": 1, "content_type": 15, "object_id": "1", "object_repr": "KCJ", "action_flag": 1, "change_message": "[{\"added\": {}}]"}}, {"model": "admin.logentry", "pk": 14, "fields": {"action_time": "2022-06-02T12:46:16.147Z", "user": 1, "content_type": 15, "object_id": "2", "object_repr": "JIKO_KISASA", "action_flag": 1, "change_message": "[{\"added\": {}}]"}}, {"model": "admin.logentry", "pk": 15, "fields": {"action_time": "2022-06-02T12:46:22Z", "user": 1, "content_type": 15, "object_id": "3", "object_repr": "MULTIPURPOSE", "action_flag": 1, "change_message": "[{\"added\": {}}]"}}, {"model": "admin.logentry", "pk": 16, "fields": {"action_time": "2022-06-02T12:46:34.566Z", "user": 1, "content_type": 15, "object_id": "4", "object_repr": "LINERS", "action_flag": 1, "change_message": "[{\"added\": {}}]"}}, {"model": "admin.logentry", "pk": 17, "fields": {"action_time": "2022-06-02T12:46:39.282Z", "user": 1, "content_type": 15, "object_id": "5", "object_repr": "ROCKET", "action_flag": 1, "change_message": "[{\"added\": {}}]"}}, {"model": "admin.logentry", "pk": 18, "fields": {"action_time": "2022-06-07T19:55:32.880Z", "user": 1, "content_type": 6, "object_id": "1", "object_repr": "ktda-foundation.com", "action_flag": 2, "change_message": "[{\"changed\": {\"fields\": [\"Domain name\", \"Display name\"]}}]"}}, {"model": "admin.logentry", "pk": 19, "fields": {"action_time": "2022-06-15T18:32:39.515Z", "user": 1, "content_type": 9, "object_id": "20", "object_repr": "+254708581477", "action_flag": 1, "change_message": "[{\"added\": {}}]"}}, {"model": "admin.logentry", "pk": 20, "fields": {"action_time": "2022-06-15T18:32:53.552Z", "user": 1, "content_type": 9, "object_id": "20", "object_repr": "+254708581477", "action_flag": 2, "change_message": "[{\"changed\": {\"fields\": [\"Staff\"]}}]"}}, {"model": "admin.logentry", "pk": 21, "fields": {"action_time": "2022-06-28T17:18:16.052Z", "user": 1, "content_type": 9, "object_id": "3", "object_repr": "+254720848330", "action_flag": 2, "change_message": "[{\"changed\": {\"fields\": [\"Staff\"]}}]"}}, {"model": "admin.logentry", "pk": 22, "fields": {"action_time": "2022-06-29T12:29:29.327Z", "user": 1, "content_type": 9, "object_id": "18", "object_repr": "+254722437762", "action_flag": 2, "change_message": "[{\"changed\": {\"fields\": [\"Staff\"]}}]"}}, {"model": "admin.logentry", "pk": 23, "fields": {"action_time": "2022-06-29T12:32:34.235Z", "user": 1, "content_type": 9, "object_id": "16", "object_repr": "+254704312382", "action_flag": 2, "change_message": "[{\"changed\": {\"fields\": [\"Staff\"]}}]"}}, {"model": "admin.logentry", "pk": 24, "fields": {"action_time": "2022-07-04T06:12:09.439Z", "user": 1, "content_type": 9, "object_id": "8", "object_repr": "+254114266017", "action_flag": 2, "change_message": "[{\"changed\": {\"fields\": [\"Is lme\"]}}]"}}, {"model": "admin.logentry", "pk": 25, "fields": {"action_time": "2022-07-04T06:12:26.689Z", "user": 1, "content_type": 9, "object_id": "17", "object_repr": "+254707710707", "action_flag": 2, "change_message": "[{\"changed\": {\"fields\": [\"Is lme\"]}}]"}}, {"model": "admin.logentry", "pk": 26, "fields": {"action_time": "2022-07-04T06:12:42.662Z", "user": 1, "content_type": 9, "object_id": "15", "object_repr": "+254713063066", "action_flag": 2, "change_message": "[{\"changed\": {\"fields\": [\"Is lme\"]}}]"}}, {"model": "admin.logentry", "pk": 27, "fields": {"action_time": "2022-07-04T06:13:09.822Z", "user": 1, "content_type": 9, "object_id": "14", "object_repr": "+254714350465", "action_flag": 2, "change_message": "[{\"changed\": {\"fields\": [\"Is lme\"]}}]"}}, {"model": "admin.logentry", "pk": 28, "fields": {"action_time": "2022-07-04T06:13:15.207Z", "user": 1, "content_type": 9, "object_id": "2", "object_repr": "+254714481371", "action_flag": 2, "change_message": "[{\"changed\": {\"fields\": [\"Is lme\"]}}]"}}, {"model": "admin.logentry", "pk": 29, "fields": {"action_time": "2022-07-04T06:13:21.386Z", "user": 1, "content_type": 9, "object_id": "4", "object_repr": "+254715769356", "action_flag": 2, "change_message": "[{\"changed\": {\"fields\": [\"Is lme\"]}}]"}}, {"model": "admin.logentry", "pk": 30, "fields": {"action_time": "2022-07-04T06:13:26.783Z", "user": 1, "content_type": 9, "object_id": "1", "object_repr": "+254718821114", "action_flag": 2, "change_message": "[{\"changed\": {\"fields\": [\"Is lme\"]}}]"}}, {"model": "admin.logentry", "pk": 31, "fields": {"action_time": "2022-07-04T06:13:33.964Z", "user": 1, "content_type": 9, "object_id": "5", "object_repr": "+254720038605", "action_flag": 2, "change_message": "[{\"changed\": {\"fields\": [\"Is lme\"]}}]"}}, {"model": "admin.logentry", "pk": 32, "fields": {"action_time": "2022-07-04T06:13:45.223Z", "user": 1, "content_type": 9, "object_id": "19", "object_repr": "+254722586602", "action_flag": 2, "change_message": "[{\"changed\": {\"fields\": [\"Is lme\"]}}]"}}, {"model": "admin.logentry", "pk": 33, "fields": {"action_time": "2022-07-04T06:13:52.168Z", "user": 1, "content_type": 9, "object_id": "7", "object_repr": "+254724158548", "action_flag": 2, "change_message": "[{\"changed\": {\"fields\": [\"Is lme\"]}}]"}}, {"model": "admin.logentry", "pk": 34, "fields": {"action_time": "2022-07-04T06:13:57.934Z", "user": 1, "content_type": 9, "object_id": "12", "object_repr": "+254724391701", "action_flag": 2, "change_message": "[{\"changed\": {\"fields\": [\"Is lme\"]}}]"}}, {"model": "admin.logentry", "pk": 35, "fields": {"action_time": "2022-07-04T06:14:04.918Z", "user": 1, "content_type": 9, "object_id": "10", "object_repr": "+254725986905", "action_flag": 2, "change_message": "[{\"changed\": {\"fields\": [\"Is lme\"]}}]"}}, {"model": "admin.logentry", "pk": 36, "fields": {"action_time": "2022-07-04T06:14:13.465Z", "user": 1, "content_type": 9, "object_id": "9", "object_repr": "+254726666157", "action_flag": 2, "change_message": "[{\"changed\": {\"fields\": [\"Is lme\"]}}]"}}, {"model": "admin.logentry", "pk": 37, "fields": {"action_time": "2022-07-04T06:14:22.556Z", "user": 1, "content_type": 9, "object_id": "13", "object_repr": "+254728263196", "action_flag": 2, "change_message": "[{\"changed\": {\"fields\": [\"Is lme\"]}}]"}}, {"model": "admin.logentry", "pk": 38, "fields": {"action_time": "2022-07-04T06:14:28.603Z", "user": 1, "content_type": 9, "object_id": "6", "object_repr": "+254728666512", "action_flag": 2, "change_message": "[{\"changed\": {\"fields\": [\"Is lme\"]}}]"}}, {"model": "admin.logentry", "pk": 39, "fields": {"action_time": "2022-07-04T06:14:34.897Z", "user": 1, "content_type": 9, "object_id": "11", "object_repr": "+254742813674", "action_flag": 2, "change_message": "[{\"changed\": {\"fields\": [\"Is lme\"]}}]"}}, {"model": "admin.logentry", "pk": 40, "fields": {"action_time": "2022-07-04T06:15:34.965Z", "user": 1, "content_type": 9, "object_id": "1", "object_repr": "+254718821114", "action_flag": 2, "change_message": "[{\"changed\": {\"fields\": [\"Is lme\"]}}]"}}, {"model": "admin.logentry", "pk": 41, "fields": {"action_time": "2022-07-25T12:31:49.020Z", "user": 3, "content_type": 20, "object_id": "3", "object_repr": "Induction, Business Developement and Empowerment Training", "action_flag": 1, "change_message": "[{\"added\": {}}]"}}, {"model": "admin.logentry", "pk": 42, "fields": {"action_time": "2022-07-25T12:49:26.147Z", "user": 3, "content_type": 15, "object_id": "6", "object_repr": "JIKO_KISASA", "action_flag": 1, "change_message": "[{\"added\": {}}]"}}, {"model": "admin.logentry", "pk": 43, "fields": {"action_time": "2022-07-25T12:49:35.112Z", "user": 3, "content_type": 15, "object_id": "7", "object_repr": "ROCKET", "action_flag": 1, "change_message": "[{\"added\": {}}]"}}, {"model": "admin.logentry", "pk": 44, "fields": {"action_time": "2022-07-25T12:50:07.808Z", "user": 3, "content_type": 20, "object_id": "2", "object_repr": "Induction, Business Developement and Empowerment Training", "action_flag": 2, "change_message": "[]"}}, {"model": "admin.logentry", "pk": 45, "fields": {"action_time": "2022-08-12T06:18:58.784Z", "user": 3, "content_type": 20, "object_id": "3", "object_repr": "Induction, Business Developement and Empowerment Training", "action_flag": 3, "change_message": ""}}, {"model": "admin.logentry", "pk": 46, "fields": {"action_time": "2022-08-12T06:18:58.813Z", "user": 3, "content_type": 20, "object_id": "2", "object_repr": "Induction, Business Developement and Empowerment Training", "action_flag": 3, "change_message": ""}}, {"model": "admin.logentry", "pk": 47, "fields": {"action_time": "2022-08-12T06:18:58.815Z", "user": 3, "content_type": 20, "object_id": "1", "object_repr": "Induction, Business Developement and Empowerment Training", "action_flag": 3, "change_message": ""}}, {"model": "admin.logentry", "pk": 48, "fields": {"action_time": "2022-09-25T15:30:18.216Z", "user": 1, "content_type": 15, "object_id": "8", "object_repr": "WISDOM_JIKO", "action_flag": 2, "change_message": "[{\"changed\": {\"fields\": [\"Name\"]}}]"}}, {"model": "admin.logentry", "pk": 49, "fields": {"action_time": "2022-09-25T15:30:44.409Z", "user": 1, "content_type": 15, "object_id": "9", "object_repr": "JIKO_SMART", "action_flag": 1, "change_message": "[{\"added\": {}}]"}}, {"model": "admin.logentry", "pk": 50, "fields": {"action_time": "2022-10-03T12:23:47.214Z", "user": 16, "content_type": 11, "object_id": "16", "object_repr": "factories/GCF_Partners_ICS_Distributors_Data_Collection_Tool_Q3_2022.xlsx", "action_flag": 1, "change_message": "[{\"added\": {}}]"}}, {"model": "admin.logentry", "pk": 51, "fields": {"action_time": "2022-10-03T12:26:10.061Z", "user": 16, "content_type": 11, "object_id": "17", "object_repr": "factories/GCF_Partners_ICS_Distributors_Data_Collection_Tool_Q3_2022.csv", "action_flag": 1, "change_message": "[{\"added\": {}}]"}}, {"model": "admin.logentry", "pk": 52, "fields": {"action_time": "2022-10-03T12:30:49.488Z", "user": 16, "content_type": 11, "object_id": "18", "object_repr": "factories/GCF_Partners_ICS_Distributors_Data_Collection_Tool_Q3_2022.csv", "action_flag": 1, "change_message": "[{\"added\": {}}]"}}, {"model": "admin.logentry", "pk": 53, "fields": {"action_time": "2022-10-14T07:30:29.256Z", "user": 1, "content_type": 9, "object_id": "18", "object_repr": "+254722437762", "action_flag": 2, "change_message": "[{\"changed\": {\"fields\": [\"First name\", \"Last name\"]}}]"}}, {"model": "admin.logentry", "pk": 54, "fields": {"action_time": "2023-06-08T07:30:52.228Z", "user": 16, "content_type": 19, "object_id": "22", "object_repr": "Kapsara", "action_flag": 2, "change_message": "[{\"changed\": {\"fields\": [\"Partner\", \"Exotic trees\", \"Fruit trees\"]}}]"}}, {"model": "sessions.session", "pk": "03r2jtx5kvyshs1x7vcfi8besdu6mgxl", "fields": {"session_data": ".eJxVjDsOwjAQBe_iGln-O6Gk5wzWeneNA8iR4qRC3B0ipYD2zcx7iQTbWtPWeUkTibPQ4vS7ZcAHtx3QHdptlji3dZmy3BV50C6vM_Hzcrh_BxV6_dYWAqErpFyIwWIs5NB7ziEMIxelrcHREpMB0lHTYDwXUFErb2wsbMT7A_FeOAE:1oWBqp:Ej8jYduWulbCdOkewRXHbQRayNxEG3wMMdgu7SBDZ0g", "expire_date": "2022-09-22T07:21:27.809Z"}}, {"model": "sessions.session", "pk": "0rylau6vw63tshc2o6mvgwz45bglp7uv", "fields": {"session_data": ".eJxVjDsOwjAQBe_iGln-O6Gk5wzWeneNA8iR4qRC3B0ipYD2zcx7iQTbWtPWeUkTibPQ4vS7ZcAHtx3QHdptlji3dZmy3BV50C6vM_Hzcrh_BxV6_dYWAqErpFyIwWIs5NB7ziEMIxelrcHREpMB0lHTYDwXUFErb2wsbMT7A_FeOAE:1ocTTd:Lknfdm1iVf0-N0CVacMXMLJiJD7Io95nt4L_S0j0nmc", "expire_date": "2022-10-09T15:23:29.874Z"}}, {"model": "sessions.session", "pk": "1ocwvimbt6zjqn5o4f75633tzq7a5e8t", "fields": {"session_data": ".eJxVjMEOwiAQRP-FsyFhqSx49O43kC3LStVAUtqT8d9tkx50jvPezFtFWpcS157nOLG6KOPU6bccKT1z3Qk_qN6bTq0u8zTqXdEH7frWOL-uh_t3UKiXbR3OJsMWSsmK9-wZLTghBivGDIGzxYRENgA6BgIiIxlQBBEYBvX5AgjlODY:1ofKmx:qClIALfMuUuq1D9ESSWTZo2EQ8opssTVK6AdGNFiw5w", "expire_date": "2022-10-17T12:43:15.499Z"}}, {"model": "sessions.session", "pk": "21gfr796dl8o7rik6rcngeyty0v8o3s3", "fields": {"session_data": ".eJxVjEEOgjAQRe_StWmgHVpw6Z4zNNOZqUUNTSisjHcXEha6_e-9_1YBtzWHrcoSJlZX1YK6_I4R6SnzQfiB871oKvO6TFEfij5p1WNhed1O9-8gY8173bjBW3IwJCbbJUb0vQB3xjTGY-pFBMEk3r1kDXlkGjw30MbkgFpWny8ZPTjN:1nuXSy:pJeAzEwFvX8O7SEf4NOFzd9WspYSAjsRNHREknF4RO4", "expire_date": "2022-06-10T10:45:12.657Z"}}, {"model": "sessions.session", "pk": "27ea6qo8pxul0lscrlc86ta3kyqtvxgf", "fields": {"session_data": ".eJxVjMEOwiAQRP-FsyFhqSx49O43kC3LStVAUtqT8d9tkx50jvPezFtFWpcS157nOLG6KOPU6bccKT1z3Qk_qN6bTq0u8zTqXdEH7frWOL-uh_t3UKiXbR3OJsMWSsmK9-wZLTghBivGDIGzxYRENgA6BgIiIxlQBBEYBvX5AgjlODY:1pXe30:GTWO63AID_NkjXdK48yktcdGeS7n6wE8ro5mXjDThxg", "expire_date": "2023-03-16T08:12:18.229Z"}}, {"model": "sessions.session", "pk": "2axl4kkvopfb1dmkj1qoz3xbafifo282", "fields": {"session_data": ".eJxVjDsOwjAQBe_iGln-O6Gk5wzWeneNA8iR4qRC3B0ipYD2zcx7iQTbWtPWeUkTibPQ4vS7ZcAHtx3QHdptlji3dZmy3BV50C6vM_Hzcrh_BxV6_dYWAqErpFyIwWIs5NB7ziEMIxelrcHREpMB0lHTYDwXUFErb2wsbMT7A_FeOAE:1oQBeE:jokytXLf4hin36Zy8wvFO-XAPnhvJpVDscbpJ01YheY", "expire_date": "2022-09-05T17:55:38.268Z"}}, {"model": "sessions.session", "pk": "2ic0kofniwho4y877eylgtvdmif6ggbo", "fields": {"session_data": ".eJxVjDsOwjAQBe_iGln471DS5wzWeneNA8iW8qkQd4dIKaB9M_NeIsG21rQtPKeJxEWoIE6_YwZ8cNsJ3aHdusTe1nnKclfkQRc5duLn9XD_Dios9VsbymcdQFG0CiEaQ9FTcNmXgmhJe-AYyIEnO7gBfdCoCrMCDayNGcT7AxwVOJw:1nyUdd:eH5JG5ZXXaueWLTEDdzXRoA6nAnHvMmq_jlbssqfzxw", "expire_date": "2022-06-21T08:32:33.423Z"}}, {"model": "sessions.session", "pk": "42jsgb5wqx863wanv9mu7soe16eiqvtk", "fields": {"session_data": ".eJxVjEEOwiAQRe_C2hCgCIxL9z0DmSmDVA0kpV0Z765NutDtf-_9l4i4rSVunZc4J3ERWonT70g4PbjuJN2x3pqcWl2XmeSuyIN2ObbEz-vh_h0U7OVbnzkMwGxyzm6w1no0nsEzZsNkgJCcM6AV2JBUDkDstPIQiIYUiLN4fwATKDiH:1nuXQL:kaYATD0KK8O1SI-jggliNILRXOMxnXS6-XhTIVSzSHs", "expire_date": "2022-06-10T10:42:29.170Z"}}, {"model": "sessions.session", "pk": "4xaf301mtp6shuwqslx6e2d8yrouliyk", "fields": {"session_data": ".eJxVjMsOwiAQRf-FtSGUxzC4dO83EB6DVA0kpV0Z_12bdKHbe865L-bDtla_DVr8nNmZKcVOv2MM6UFtJ_ke2q3z1Nu6zJHvCj_o4Nee6Xk53L-DGkb91rpIAgBtXUYbgy7OEAiUAJNFQ1JJgyaKgkgkgpWRXAbnJmNNSSCRvT_mOzce:1rpoWw:fHpGSzHYQwZcSqz0dOIDmg_v40cU7OYbuUBb09EGDe0", "expire_date": "2024-04-11T12:06:50.616Z"}}, {"model": "sessions.session", "pk": "531m9gu4bga8rhrbd52244febufwvj35", "fields": {"session_data": ".eJxVjMEKwyAQRP_Fc5HsbmKwx977DeLqWtMWhZicQv-9CeTQngbmvZlNOb8u2a1NZjdFdVWkLr8d-_CScoD49OVRdahlmSfWh6JP2vS9RnnfTvfvIPuW9zUnISbpBhKwBhOj7UPizpjRQoSEkJiBwiAWLQjgyNDjYALtSQbV5wvqijdg:1oRVH6:DHaNqB-ccwgzMMfzmDONnlDEiNQDRGM7Yrh-FXH8uIA", "expire_date": "2022-09-09T09:05:12.125Z"}}, {"model": "sessions.session", "pk": "5a2e0rahblgjrlan3mgkv11mbvg2y489", "fields": {"session_data": ".eJxVjDsOwjAQBe_iGln-O6Gk5wzWeneNA8iR4qRC3B0ipYD2zcx7iQTbWtPWeUkTibPQ4vS7ZcAHtx3QHdptlji3dZmy3BV50C6vM_Hzcrh_BxV6_dYWAqErpFyIwWIs5NB7ziEMIxelrcHREpMB0lHTYDwXUFErb2wsbMT7A_FeOAE:1o8EA3:REwlxw8R5oYN4sXWqFGs4Jy2ARd6e1MQ3JPjXaFCPLA", "expire_date": "2022-07-18T04:58:15.538Z"}}, {"model": "sessions.session", "pk": "5d8gf5f8wvu10597qucmt9iasyfd8ul4", "fields": {"session_data": ".eJxVjMsOgjAQRf-la9N0GOzDpXu-oZnODIIaSCisjP-uJCx0e88592UybeuQt6pLHsVcDCZz-h0L8UOnncidpttseZ7WZSx2V-xBq-1m0ef1cP8OBqrDt2ZAaZj6JngVZIkYUgLS0rfAsUXf-sCUHEOEcyGHKk6hMIoWdBTN-wMhSji1:1rziXU:hcZUH9W2l1S7e-YdEVLNEWEOuYaih1Ina7yQQEOSZao", "expire_date": "2024-05-08T19:44:20.594Z"}}, {"model": "sessions.session", "pk": "6chl0git7o9foj0kd83xsds5qfcpsf5j", "fields": {"session_data": ".eJxVjEEOwiAQRe_C2hCYTgu4dO8ZCMyAVA0kpV0Z765NutDtf-_9l_BhW4vfelr8zOIsBnH63WKgR6o74Huotyap1XWZo9wVedAur43T83K4fwcl9PKtNTjrEIfEFqxWhpEHQ04h5pQJkCblFCGEHE0cI4xqYq1BJzLOgI3i_QG-nzcT:1sPO4m:_UVcSDtyH6-KvVa8AOZ-6WPV_dLaUOSqr_-HwOYbKng", "expire_date": "2024-07-18T15:08:48.096Z"}}, {"model": "sessions.session", "pk": "6nv0n1v78qyjzzrron3i0n43s5kox9g0", "fields": {"session_data": ".eJxVjMsOwiAQRf-FtSGAPF267zeQgRmkaiAp7cr479qkC93ec859sQjbWuM2aIkzsgtTip1-xwT5QW0neId26zz3ti5z4rvCDzr41JGe18P9O6gw6rcmK8gaJC9UMNJ4lzIGIFkUmBwKgfXoU9ECgtPnYg1hDt5Lq01OKjn2_gAYzTiE:1oFyrL:I_uTPZxCeqQHiJi9ymY8qGrIoyeGl6bGU_KrilhnoN4", "expire_date": "2022-08-08T14:14:59.162Z"}}, {"model": "sessions.session", "pk": "6uaj0p616uh57g9xf5bvaxroc2aa3exz", "fields": {"session_data": ".eJxVjEEOwiAURO_C2hAKBT4u3fcMBPgfqRqalHZlvLsl6UJnOe_NvJkP-1b83mj1M7IrU-zy28WQnlQ7wEeo94WnpW7rHHlX-Ekbnxak1-10_w5KaOVYa9TWaodBgAgQtYUBs0F5BActVQLlcLRG2NEZSZ1kwOjIkIGMin2-wSI3NA:1rMlxa:oZg7_mOP8sg3IAqtxOdgkAZOEA9iulNMOuns_NGV_Pw", "expire_date": "2024-01-22T09:30:18.004Z"}}, {"model": "sessions.session", "pk": "7hbfdjzu8qyjrqvgrpbq9v5zi1om6sun", "fields": {"session_data": ".eJxVjDsOwjAQBe_iGln-O6Gk5wzWeneNA8iR4qRC3B0ipYD2zcx7iQTbWtPWeUkTibPQ4vS7ZcAHtx3QHdptlji3dZmy3BV50C6vM_Hzcrh_BxV6_dYWAqErpFyIwWIs5NB7ziEMIxelrcHREpMB0lHTYDwXUFErb2wsbMT7A_FeOAE:1ocXEl:T0ukC7tqDD-Hv7bXmwn7KaHCiZrBBNLeb_ZFdifPWII", "expire_date": "2022-10-09T19:24:23.244Z"}}, {"model": "sessions.session", "pk": "7tnl3iak9a1jr1kpvowfo8hnds7con0y", "fields": {"session_data": ".eJxVjMEOwiAQRP-FsyFhqSx49O43kC3LStVAUtqT8d9tkx50jvPezFtFWpcS157nOLG6KOPU6bccKT1z3Qk_qN6bTq0u8zTqXdEH7frWOL-uh_t3UKiXbR3OJsMWSsmK9-wZLTghBivGDIGzxYRENgA6BgIiIxlQBBEYBvX5AgjlODY:1q69Fj:YJxppTila-xr0DPXKboXBIfdymkoszX7IeyHTHBlR_k", "expire_date": "2023-06-19T12:24:03.307Z"}}, {"model": "sessions.session", "pk": "7xz37wf20hliw9vaiew6uigiz0xgnqon", "fields": {"session_data": ".eJxVjMEOwiAQRP-FsyFhqSx49O43kC3LStVAUtqT8d9tkx50jvPezFtFWpcS157nOLG6KOPU6bccKT1z3Qk_qN6bTq0u8zTqXdEH7frWOL-uh_t3UKiXbR3OJsMWSsmK9-wZLTghBivGDIGzxYRENgA6BgIiIxlQBBEYBvX5AgjlODY:1oQTI9:TMsPTVIVWkeSlqXLDJkEA43GcsKgq8ikNt1eUCCMrqs", "expire_date": "2022-09-06T12:46:01.424Z"}}, {"model": "sessions.session", "pk": "85rr5r7ge77b56eng7v3rm6crkpzqjvg", "fields": {"session_data": ".eJxVjDsOwjAQBe_iGlm28S-U9DmDtbte4wBypDipEHeHSCmgfTPzXiLBtta0dV7SlMVFWCNOvyMCPbjtJN-h3WZJc1uXCeWuyIN2Oc6Zn9fD_Tuo0Ou3NkNWaIs-50F5XaDYEDVhcBG8IRWhZC6BCBwb73RAsgF9LOwINQQl3h8YLjjE:1sBvF3:CqBFpmYxNrKvR0YOPkOKdMlYR4QAVsRNWX0RZHxW0Vk", "expire_date": "2024-06-11T11:43:45.243Z"}}, {"model": "sessions.session", "pk": "8hovkp0cwwd7rnwv5wr4yr0c4xnbve1n", "fields": {"session_data": ".eJxVjMEOwiAQRP-FsyFQWASP3v0GssCuVE1JSnsy_rtt0oPeJvPezFtEXJca105zHIu4CCNOv13C_KRpB-WB073J3KZlHpPcFXnQLm-t0Ot6uH8HFXvd1gGyT4WyYd6iCZocn5PVYWAFlvSgLQDCQI4YfbCK2TtyBVAr60GLzxfwVje5:1pKZzU:V9l3F7c7B7E2ClxWmk-GR5Q2mkvHGvQjkAIojmwMdys", "expire_date": "2023-02-08T07:14:40.969Z"}}, {"model": "sessions.session", "pk": "8rpengj0f1257r893zkcffhylv6yfwy3", "fields": {"session_data": ".eJxVjDEOwjAMRe-SGUWxHTUNIztnqJzYoQWUSk07Ie4OlTrA-t97_2UG3tZx2JouwyTmbCCY0--YOD-07kTuXG-zzXNdlynZXbEHbfY6iz4vh_t3MHIbvzVCCj1pD4Kh8w4DYyHNPpceNCYE50mYvTgUQCIFD0olQizaFdeZ9wfx9DeT:1sOvrW:lvy4ak_L8DNQ8HxOIdf7BoR0_W9ZbRfNAeohlRyb6FY", "expire_date": "2024-07-17T09:01:14.688Z"}}, {"model": "sessions.session", "pk": "92kr58fbzttrlg0jx8wz9wj5pok4cd8y", "fields": {"session_data": ".eJxVjMEOwiAQRP-FsyFhqSx49O43kC3LStVAUtqT8d9tkx50jvPezFtFWpcS157nOLG6KOPU6bccKT1z3Qk_qN6bTq0u8zTqXdEH7frWOL-uh_t3UKiXbR3OJsMWSsmK9-wZLTghBivGDIGzxYRENgA6BgIiIxlQBBEYBvX5AgjlODY:1oBwxG:-4Cko3K_ejdup0YbITX9s4T9Liz4_5pDtBwYHK6kFxM", "expire_date": "2022-07-28T11:24:26.044Z"}}, {"model": "sessions.session", "pk": "98b0oy07fei5g1hq49dzhvnyh0en6o0d", "fields": {"session_data": ".eJxVjMEOwiAQRP-FsyFhqSx49O43kC3LStVAUtqT8d9tkx50jvPezFtFWpcS157nOLG6KOPU6bccKT1z3Qk_qN6bTq0u8zTqXdEH7frWOL-uh_t3UKiXbR3OJsMWSsmK9-wZLTghBivGDIGzxYRENgA6BgIiIxlQBBEYBvX5AgjlODY:1rFwjw:gM12CmEr6fEkegi_YFpVszBW-SX_bVHKSwIg926w_Is", "expire_date": "2024-01-03T13:36:00.873Z"}}, {"model": "sessions.session", "pk": "9gnnrkuuwmgk7nt168tdanmdt4e89wil", "fields": {"session_data": ".eJxVjMEOwiAQRP-FsyGbEljw6N1vILC7laopSWlPjf8uTXrQOc57M7uKaVtL3JoscWJ1Vcapy2-ZE71kPgg_0_yomuq8LlPWh6JP2vS9srxvp_t3UFIrfY0j5mEAQOfIWM82iINgxPdkQcomIDFTp1nAA4vD0RMjpADWBPX5Av0IN_8:1ruVlx:riIQ4x3-Wnj8Mu-tYJTRZ3zitSWMKOP9DIH2UYQYiK4", "expire_date": "2024-04-24T11:05:45.395Z"}}, {"model": "sessions.session", "pk": "9s2kuk50u2eize6db07jzpo1h4klbguw", "fields": {"session_data": ".eJxVjEEOwiAQRe_C2pApBQou3XsGMjOAVA0kpV0Z765NutDtf-_9lwi4rSVsPS1hjuIsjDj9boT8SHUH8Y711iS3ui4zyV2RB-3y2mJ6Xg7376BgL98aHaKH7CypZIfsHEDK5JPRwHlgrZyCkRSSHmGy6DhDZBN58tFoTyDeH_I1OCs:1pefc7:CGhZypwW6D7onLFNNVAK1ZSPpLHvRKC4Kna09--3Sts", "expire_date": "2023-04-04T17:17:35.502Z"}}, {"model": "sessions.session", "pk": "9td5sm2a5vs2ssair7bicxmszvofddrn", "fields": {"session_data": ".eJxVjDkOAjEQBP_iGFm-D0Jy3rAae8Z4AdnSHhHi72BpA5A66qruF5tg3-q0r7RMM7IzU56dfssE-UFtELxDu3Wee9uWOfGh8IOu_NqRnpfD_TuosNbvOqlCWLRIwXivDQihEJ2zFIMUMUkLziBBDmhjEVILlVCrkUDSOMveHwvFN8s:1pURGo:uxL6NIByerhr7_bTztlCaPspwsHVkTFYrMQ6XlY4-kk", "expire_date": "2023-03-07T11:57:18.558Z"}}, {"model": "sessions.session", "pk": "9wtvu53cw58to0lbpkf9iz29oavlkk74", "fields": {"session_data": ".eJxVjEEOwiAQRe_C2hCgHaAu3XsGMsyAVA0kpV0Z765NutDtf-_9lwi4rSVsPS1hZnEWozj9bhHpkeoO-I711iS1ui5zlLsiD9rltXF6Xg7376BgL98aDQ9AfnQU85SdAq-yAkUaMvtkWTl2GBN7wAHtZHUiE2PWAMpnY514fwD1iDg6:1nuXAS:-B2PfAh0EqyowiUvEWNTwZRHcqoOPGC0MvrrqzHZW2I", "expire_date": "2022-06-10T10:26:04.580Z"}}, {"model": "sessions.session", "pk": "aezbncj2m7z5ghq8p69hfygde8omt0mt", "fields": {"session_data": ".eJxVjDsOwjAQBe_iGln-O6Gk5wzWeneNA8iR4qRC3B0ipYD2zcx7iQTbWtPWeUkTibPQ4vS7ZcAHtx3QHdptlji3dZmy3BV50C6vM_Hzcrh_BxV6_dYWAqErpFyIwWIs5NB7ziEMIxelrcHREpMB0lHTYDwXUFErb2wsbMT7A_FeOAE:1nyfkk:D-XRYpvpwCHctRJ6tow0ukiNH_VFjPCbvcLZVSj7CXc", "expire_date": "2022-06-21T20:24:38.391Z"}}, {"model": "sessions.session", "pk": "b00ly0jiclj91jn70o36c6ifgv5fxnde", "fields": {"session_data": ".eJxVjEEOwiAQRe_C2hCgCIxL9z0DmSmDVA0kpV0Z765NutDtf-_9l4i4rSVunZc4J3ERWonT70g4PbjuJN2x3pqcWl2XmeSuyIN2ObbEz-vh_h0U7OVbnzkMwGxyzm6w1no0nsEzZsNkgJCcM6AV2JBUDkDstPIQiIYUiLN4fwATKDiH:1o1ppp:GlQd5Lv6YGVmRboqMnIsCsNyDnXewvDgQfrRr2cMaqw", "expire_date": "2022-06-30T13:46:57.481Z"}}, {"model": "sessions.session", "pk": "bw1lemyf3654h201yiizhlyp4ewvdka4", "fields": {"session_data": ".eJxVjMsOwiAQRf-FtSEDLQ9duu83kBkGpGogKe3K-O_apAvd3nPOfYmA21rC1tMSZhYXobw4_Y6E8ZHqTviO9dZkbHVdZpK7Ig_a5dQ4Pa-H-3dQsJdvrSmTj8xeZcKUYwTLGjWMJp3JRmsAjffOmSEDE4ExAKMHrQbUCZ0W7w83VDhL:1nyaKz:7cIOvq1T6woajaaDtTrjULT8gSKFhFV6uWGPOgO2kNc", "expire_date": "2022-06-21T14:37:41.824Z"}}, {"model": "sessions.session", "pk": "c6uinz640qhhjsh8u1ady3nu25x6tob8", "fields": {"session_data": ".eJxVjEsOAiEQBe_C2hA-rYBL956BdNMgowaSYWZlvLtOMgvdvqp6LxFxXWpcR57jxOIsjBeH35EwPXLbCN-x3bpMvS3zRHJT5E6HvHbOz8vu_h1UHPVbp0DOW33kkyYEJHCQvUFWQIWRrCJvfaJsQlDkgjYKsEBx1rHRWVvx_gAYoDgo:1rPt53:OEeiGo7GHLwx9vZe427lkl0YGKioWVuhOWGXhOM2fpw", "expire_date": "2024-01-30T23:42:53.450Z"}}, {"model": "sessions.session", "pk": "cnv0imy9aiqwi9868lqsady80wupbcwv", "fields": {"session_data": ".eJxVjEEOwiAQRe_C2hCgCIxL9z0DmSmDVA0kpV0Z765NutDtf-_9l4i4rSVunZc4J3ERWonT70g4PbjuJN2x3pqcWl2XmeSuyIN2ObbEz-vh_h0U7OVbnzkMwGxyzm6w1no0nsEzZsNkgJCcM6AV2JBUDkDstPIQiIYUiLN4fwATKDiH:1pUOks:AFlJLEaQ0IfdEjmLNuLpwtIPWNWwG92BrVQdM-Xc6fI", "expire_date": "2023-03-07T09:16:10.423Z"}}, {"model": "sessions.session", "pk": "ctcaycpjcb1x93no4pkptw7jb50bzb4f", "fields": {"session_data": ".eJxVjEEOwiAURO_C2hAKBT4u3fcMBPgfqRqalHZlvLsl6UJnOe_NvJkP-1b83mj1M7IrU-zy28WQnlQ7wEeo94WnpW7rHHlX-Ekbnxak1-10_w5KaOVYa9TWaodBgAgQtYUBs0F5BActVQLlcLRG2NEZSZ1kwOjIkIGMin2-wSI3NA:1rFwEe:dZ7EK0JNaVvIqeHOsuO9gdm7TcXfiswd5sg-5sxlAuI", "expire_date": "2024-01-03T13:03:40.076Z"}}, {"model": "sessions.session", "pk": "d8dtm243heotenfv5nwk8c7zs6nasiu1", "fields": {"session_data": ".eJxVjDkOwjAUBe_iGlnxkh-Hkp4zWH9xcADZUpxUiLtDpBTQvpl5LxVxW3PcWlriLOqsnDr9boT8SGUHcsdyq5prWZeZ9K7ogzZ9rZKel8P9O8jY8rc2iGQEvLgwWk6eR7KGJ0AHPQwGPAXwHMiBx94KToHN4Mh1Plm0Har3B-Y-N7s:1pX1Mb:UA6CDWS2gNMq_WCK4-ESBLLH5aTHxCpFn8x51zVDsdI", "expire_date": "2023-03-14T14:53:57.302Z"}}, {"model": "sessions.session", "pk": "drfmfzsmdu1ddz32lkqbbb5wsamilozi", "fields": {"session_data": ".eJxVjMsOwiAQRf-FtSEDLQ9duu83kBkGpGogKe3K-O_apAvd3nPOfYmA21rC1tMSZhYXobw4_Y6E8ZHqTviO9dZkbHVdZpK7Ig_a5dQ4Pa-H-3dQsJdvrSmTj8xeZcKUYwTLGjWMJp3JRmsAjffOmSEDE4ExAKMHrQbUCZ0W7w83VDhL:1ojFA5:J_I_1Kk40Aoo8aUjGwImGLwS2hEZ_LJpTlC1An5_Jo0", "expire_date": "2022-10-28T07:31:17.711Z"}}, {"model": "sessions.session", "pk": "elrws2faonspjw1budwyp82xogcgsz4w", "fields": {"session_data": ".eJxVjDkOwjAURO_iGlmO43ihpM8ZrL_YOIAcKU4qxN1JpBTQTDHvzbxFhG0tcWtpiROLqxjE5bdDoGeqB-AH1Pssaa7rMqE8FHnSJseZ0-t2un8HBVrZ10i-R2M5Ka2BrE0YjA7BeFIKSHNGy7SH7iCT8exc8g570gMpgNyJzxcDPzjo:1nuXEM:3p_dXndWYQaHsZTAeS4a3lJM5dgUKJudU8CEEMzg60g", "expire_date": "2022-06-10T10:30:06.808Z"}}, {"model": "sessions.session", "pk": "es4ctqx2conugrx96dptnh6yzfx26qmt", "fields": {"session_data": ".eJxVjE0OwiAYBe_C2hCggOLSvWdovj-kaiAp7cp4d23ShW7fzLyXGmFdyrh2mceJ1VlZqw6_IwI9pG6E71BvTVOryzyh3hS9066vjeV52d2_gwK9fOvBiLfZQJTgktCAjgIZhJgccRIOyVvMBrM_yTFghhAJmbOFkH20Sb0_Ipk5HA:1nuXNt:yVPHnCBjiTuaVxq3Tu8JRRd1kV6_UxOjMh4TDKdkjqA", "expire_date": "2022-06-10T10:39:57.421Z"}}, {"model": "sessions.session", "pk": "f5np30hbipcqri5gm384x0olqd934y57", "fields": {"session_data": ".eJxVjMEKwyAQRP_Fc5HsbmKwx977DeLqWtMWhZicQv-9CeTQngbmvZlNOb8u2a1NZjdFdVWkLr8d-_CScoD49OVRdahlmSfWh6JP2vS9RnnfTvfvIPuW9zUnISbpBhKwBhOj7UPizpjRQoSEkJiBwiAWLQjgyNDjYALtSQbV5wvqijdg:1oBB4J:lth2pIMDs4MXPJ_5T1KqOFSwRnQeWz6ALuMBGrL2Rl4", "expire_date": "2022-07-26T08:16:31.103Z"}}, {"model": "sessions.session", "pk": "f61a3ukhn1y3vd783ip43dbzgogdjiac", "fields": {"session_data": ".eJxVjEEOwiAQRe_C2pACMgwu3fcMZGCmUjVtUtqV8e7apAvd_vfef6lE21rT1mRJI6uLcqhOv2Om8pBpJ3yn6TbrMk_rMma9K_qgTfczy_N6uH8HlVr91sVJtAFBjAAE7zgSoO9yEUbHgPmchbyzg0dbPJjSWSMZCcIQGY1X7w8IBDf0:1rzFA0:eVm7MIDbGxw6cVb6G5lONHxCWg_xtm-TwVOZgeLky9g", "expire_date": "2024-05-07T12:22:08.722Z"}}, {"model": "sessions.session", "pk": "f80juipfxo5v3kiylqjxo600ylze8lbj", "fields": {"session_data": ".eJxVjDkOwjAUBe_iGlnxkh-Hkp4zWH9xcADZUpxUiLtDpBTQvpl5LxVxW3PcWlriLOqsnDr9boT8SGUHcsdyq5prWZeZ9K7ogzZ9rZKel8P9O8jY8rc2iGQEvLgwWk6eR7KGJ0AHPQwGPAXwHMiBx94KToHN4Mh1Plm0Har3B-Y-N7s:1pXcpg:pZ5WiDG4_4cyFe43jI_NEK4VzA0y8X6EjmCv-Wj1k3Q", "expire_date": "2023-03-16T06:54:28.245Z"}}, {"model": "sessions.session", "pk": "f8x8djnxjxhuo8ug7fl3yqa9b88wjz74", "fields": {"session_data": ".eJxVjDsOwyAQBe9CHSHzXUiZ3mdALAvBSYQlY1dR7h4huUjaNzPvzUI89hqOnrewELsyYJffDWN65jYAPWK7rzytbd8W5EPhJ-18Xim_bqf7d1Bjr6MWWhKii1BUnjT6YpIRVqTiEbxRINHqUor3zjgLRNpBVlMGLYFQEft8AfGcN_4:1nuXFf:A6TL_XVcP4qlrI59BeS5llUpVzJxmJjA4xEhP9vdae8", "expire_date": "2022-06-10T10:31:27.546Z"}}, {"model": "sessions.session", "pk": "fph850py5w0njmcfa2wbcmmsugl40w3n", "fields": {"session_data": ".eJxVjEEOwiAQRe_C2hBgKFCX7j0DmTKDVA0kpV0Z765NutDtf-_9l4i4rSVunZc4kzgLPYjT7zhhenDdCd2x3ppMra7LPMldkQft8tqIn5fD_Tso2Mu3xkBZAebJA_oMjI7dkA2Q5UzWJT2qlJzOynq2IxgyyhoASAHRB2XF-wMq5zgr:1o6V2r:ftF9MVCc1VPR3LMZVmdDedCi7zGALNskXp3maXO1B6A", "expire_date": "2022-07-13T10:35:41.768Z"}}, {"model": "sessions.session", "pk": "fr7j95bnpfnp1nn7nei6b1egykdmt5rj", "fields": {"session_data": ".eJxVjDsOwjAQBe_iGln-O6Gk5wzWeneNA8iR4qRC3B0ipYD2zcx7iQTbWtPWeUkTibPQ4vS7ZcAHtx3QHdptlji3dZmy3BV50C6vM_Hzcrh_BxV6_dYWAqErpFyIwWIs5NB7ziEMIxelrcHREpMB0lHTYDwXUFErb2wsbMT7A_FeOAE:1oEXJs:bpuKO-p8gQp63ltFvhqdL3UEnAKs4Seiis4-bl0r7QA", "expire_date": "2022-08-04T14:38:28.515Z"}}, {"model": "sessions.session", "pk": "fvng7dluo8q2t58kudxpz430psynm880", "fields": {"session_data": ".eJxVjEEOwiAQRe_C2pDCQAdcuvcMZCiDVA0kpV0Z765NutDtf-_9lwi0rSVsnZcwJ3EWWonT7xhpenDdSbpTvTU5tbouc5S7Ig_a5bUlfl4O9--gUC_f2qhIOWv0kQajwdkRRp8sQgbwHtFS9JjQIZPhODhgNDpnIjZZKUji_QH0pzfr:1oMQzn:xoURuhwQY6ueD5W-e7sKoI9Wvom-xRbGhEvesr-QnJk", "expire_date": "2022-08-26T09:30:23.119Z"}}, {"model": "sessions.session", "pk": "g4s1aksxptj6ur8d6w006we5d742n0c7", "fields": {"session_data": ".eJxVjEEOwiAURO_C2hAKBT4u3fcMBPgfqRqalHZlvLsl6UJnOe_NvJkP-1b83mj1M7IrU-zy28WQnlQ7wEeo94WnpW7rHHlX-Ekbnxak1-10_w5KaOVYa9TWaodBgAgQtYUBs0F5BActVQLlcLRG2NEZSZ1kwOjIkIGMin2-wSI3NA:1rGBP9:DpRgOAtIxPvoXIUWgba8AXIXM5KABNI5X87R5s5xm-4", "expire_date": "2024-01-04T05:15:31.984Z"}}, {"model": "sessions.session", "pk": "gbl5wgldofapm0s6sd7uvr0jdupn6k90", "fields": {"session_data": ".eJxVjEEOwiAQRe_C2hCgCIxL9z0DmSmDVA0kpV0Z765NutDtf-_9l4i4rSVunZc4J3ERWonT70g4PbjuJN2x3pqcWl2XmeSuyIN2ObbEz-vh_h0U7OVbnzkMwGxyzm6w1no0nsEzZsNkgJCcM6AV2JBUDkDstPIQiIYUiLN4fwATKDiH:1pZs2o:jdESlgqe0hi83ltld3668uj6a1X8XG2LGB2yO-2ZxJg", "expire_date": "2023-03-22T11:33:18.417Z"}}, {"model": "sessions.session", "pk": "h2muxrk9frwlme3rnqmhb8fta4w43hal", "fields": {"session_data": ".eJxVjDsOwjAQBe_iGln-xjElfc5g7XoXHEC2FCcV4u4QKQW0b2beSyTY1pK2zkuaSZyFNuL0OyLkB9ed0B3qrcnc6rrMKHdFHrTLqRE_L4f7d1Cgl29tOUNkJDIawY0RnPXKXAcbrQ7RBdTsjSIMGnkkABwsgFdZOY2KKYj3BxcwOHI:1nuXOk:RJ5YtwyBORhtKl2rJJJhZcoT2mIVGCFgEdH4jnux9Sw", "expire_date": "2022-06-10T10:40:50.519Z"}}, {"model": "sessions.session", "pk": "h2t6qbalyh4bica3fb8kehly69dqsxky", "fields": {"session_data": ".eJxVjEEOwiAQRe_C2pBBYAou3fcMZAYGWzVtUtqV8e7apAvd_vfef6lE2zqkrcmSxqIuyhl1-h2Z8kOmnZQ7TbdZ53lal5H1ruiDNt3PRZ7Xw_07GKgN3xoInc1gxLEjsIhIHNk7AbABY-dBpItn5iw-BIsVajWdixhyxYxBvT_uZzeF:1s4cka:pQSC3ohwHaMrEoRgiYuCbGjL3f0aIyUQCj8gDw9i2ds", "expire_date": "2024-05-22T08:34:08.367Z"}}, {"model": "sessions.session", "pk": "i18ilpuofsuhe4njkt7udb6l7nlu0u1w", "fields": {"session_data": ".eJxVjEEOgjAQRe_StWlKO50Wl-45Axk6U0ENTSisjHcXEha6fe_9_1Y9bevYb1WWfmJ1Vdaoyy8cKD1lPgw_aL4Xncq8LtOgj0SftuqusLxuZ_t3MFId93XIwUQJvqXEFpGhNS4EEAuR0MKOPWOE7GJOEpvBoCTE1CCQ88JGfb7zCTe8:1o1XsP:p-jJc_KpTQ57LCm_zTuN_Blz9paLOGKEXiZgWXOyc1E", "expire_date": "2022-06-29T18:36:25.181Z"}}, {"model": "sessions.session", "pk": "i3uxoymilulhp368q3l8lsyb9yc2lsao", "fields": {"session_data": ".eJxVjDkOwjAURO_iGlmO43ihpM8ZrL_YOIAcKU4qxN1JpBTQTDHvzbxFhG0tcWtpiROLqxjE5bdDoGeqB-AH1Pssaa7rMqE8FHnSJseZ0-t2un8HBVrZ10i-R2M5Ka2BrE0YjA7BeFIKSHNGy7SH7iCT8exc8g570gMpgNyJzxcDPzjo:1oCC5X:8xz4VURlXGv0zHIdbCxm90qJQ1L4Y3qGytpAHHWQHBU", "expire_date": "2022-07-29T03:33:59.492Z"}}, {"model": "sessions.session", "pk": "ikk64axo5z4wqlg4pz1mx20zunu6327t", "fields": {"session_data": ".eJxVjEEOwiAURO_C2hAKBT4u3fcMBPgfqRqalHZlvLsl6UJnOe_NvJkP-1b83mj1M7IrU-zy28WQnlQ7wEeo94WnpW7rHHlX-Ekbnxak1-10_w5KaOVYa9TWaodBgAgQtYUBs0F5BActVQLlcLRG2NEZSZ1kwOjIkIGMin2-wSI3NA:1rFtO2:mlXiDXMWjLsyh7X32Afo5IOs2wgUak9m3G_4oJkpx5Y", "expire_date": "2024-01-03T10:01:10.582Z"}}, {"model": "sessions.session", "pk": "imk1o2zn46dk0td3pj1ct68a22wv442m", "fields": {"session_data": ".eJxVjDsOwjAQBe_iGln-O6Gk5wzWeneNA8iR4qRC3B0ipYD2zcx7iQTbWtPWeUkTibPQ4vS7ZcAHtx3QHdptlji3dZmy3BV50C6vM_Hzcrh_BxV6_dYWAqErpFyIwWIs5NB7ziEMIxelrcHREpMB0lHTYDwXUFErb2wsbMT7A_FeOAE:1oKkkQ:WXxX93J-H6u4EGBhZN8DjW7B0_lsBaadYEqXUJByj2s", "expire_date": "2022-08-21T18:11:34.375Z"}}, {"model": "sessions.session", "pk": "jekza79u9q6s7tf8vkt6hx103dh1bsu1", "fields": {"session_data": ".eJxVjMsOwiAQRf-FtSFQ6nRw6b7fQHjMSNVAUtqV8d-VpAtd3ntOzks4v2_Z7Y1WtyRxEXoSp98z-Pig0km6-3KrMtayrUuQXZEHbXKuiZ7Xw_0LZN9y7yprwJLxYMeBTTBIZw0jMGnkIaAKaEatAbTnCSMDGQzAESKp71Ti_QHlize6:1rFtC4:D1MBDCHSeq8Gyjd12GDsSCSPmcskEk3WKKeCgqoBVNo", "expire_date": "2024-01-03T09:48:48.525Z"}}, {"model": "sessions.session", "pk": "jial7ef3loqsctpxd7q62m4mztfqofml", "fields": {"session_data": ".eJxVjMEKwyAQRP_Fc5HsbmKwx977DeLqWtMWhZicQv-9CeTQngbmvZlNOb8u2a1NZjdFdVWkLr8d-_CScoD49OVRdahlmSfWh6JP2vS9RnnfTvfvIPuW9zUnISbpBhKwBhOj7UPizpjRQoSEkJiBwiAWLQjgyNDjYALtSQbV5wvqijdg:1o5iQl:bdKzk3eeZ1DiyVcpsC2PvGo3-bIAGT3bt0muzzHYVa8", "expire_date": "2022-07-11T06:41:07.986Z"}}, {"model": "sessions.session", "pk": "jj7jxwvb692o57bmsnblyut0yzqubx3x", "fields": {"session_data": ".eJxVjMEOwiAQRP-FsyFhqSx49O43kC3LStVAUtqT8d9tkx50jvPezFtFWpcS157nOLG6KOPU6bccKT1z3Qk_qN6bTq0u8zTqXdEH7frWOL-uh_t3UKiXbR3OJsMWSsmK9-wZLTghBivGDIGzxYRENgA6BgIiIxlQBBEYBvX5AgjlODY:1oZ6tz:jgVi47NHlTvYbRTrZF_QrkxMcP1Gk99vSFSPfy3OM1w", "expire_date": "2022-09-30T08:40:47.831Z"}}, {"model": "sessions.session", "pk": "juvo79qhptrd0fzpzaj7dsc71meydbkr", "fields": {"session_data": ".eJxVjDEOwjAMRe-SGUWxHTUNIztnqJzYoQWUSk07Ie4OlTrA-t97_2UG3tZx2JouwyTmbCCY0--YOD-07kTuXG-zzXNdlynZXbEHbfY6iz4vh_t3MHIbvzVCCj1pD4Kh8w4DYyHNPpceNCYE50mYvTgUQCIFD0olQizaFdeZ9wfx9DeT:1sOw1c:qV2wgP3V1hmUWHf1lrI-3-hBvn0EJjU0oHtN51TspxE", "expire_date": "2024-07-17T09:11:40.151Z"}}, {"model": "sessions.session", "pk": "kyi574ugjcxj7q1e6s2hf4qw2eifclsg", "fields": {"session_data": ".eJxVjEEOwiAURO_C2hAKBT4u3fcMBPgfqRqalHZlvLsl6UJnOe_NvJkP-1b83mj1M7IrU-zy28WQnlQ7wEeo94WnpW7rHHlX-Ekbnxak1-10_w5KaOVYa9TWaodBgAgQtYUBs0F5BActVQLlcLRG2NEZSZ1kwOjIkIGMin2-wSI3NA:1rMkpE:x0XvJb2Mdgq6MgIXHfhleeWuvZ1S-FqeDxskVVDXtlg", "expire_date": "2024-01-22T08:17:36.678Z"}}, {"model": "sessions.session", "pk": "l3o3lhs9ijodku7sl1vy0e4t5hyvifxd", "fields": {"session_data": ".eJxVjMEOwiAQRP-FsyFhqSx49O43kC3LStVAUtqT8d9tkx50jvPezFtFWpcS157nOLG6KOPU6bccKT1z3Qk_qN6bTq0u8zTqXdEH7frWOL-uh_t3UKiXbR3OJsMWSsmK9-wZLTghBivGDIGzxYRENgA6BgIiIxlQBBEYBvX5AgjlODY:1sPJB6:-60PbvgSGRFo-jLw2UrZDEmZYOZltpG2g7Erny9ss-A", "expire_date": "2024-07-18T09:55:00.439Z"}}, {"model": "sessions.session", "pk": "lwn1tzzqs9ync6jrw8p6sw3b02fy4pol", "fields": {"session_data": ".eJxVjMsOwiAQRf-FtSGU8hhcuvcbyDAMUjU0Ke3K-O_apAvd3nPOfYmI21rj1nmJUxZnMSpx-h0T0oPbTvId222WNLd1mZLcFXnQLq9z5uflcP8OKvb6rXUA7zwZFzgpgoQjWgVqMJAMZO-1JjSuMDFYMAoglMI2UKYhUyAW7w_03zhY:1rjBrk:qK92BZFyh7AkPuY7gm-4tekKswWS96-BDKIMteAeSVo", "expire_date": "2024-03-24T05:36:56.471Z"}}, {"model": "sessions.session", "pk": "lzjysqhx7zn2sqtnlfza605buzmcj2fr", "fields": {"session_data": ".eJxVjDsOwjAQBe_iGln-EpaSPmewdu01DiBHipMKcXdiKQW0M_PeWwTc1hK2xkuYkrgKp8TpFxLGJ9du0gPrfZZxrusykeyJPGyT45z4dTvav4OCrfT1QJCdZ2UcObRZGZNj8qgjZx8hASblLeWztaR3bBUM4Iz2zHDZE_H5Ah-TOGI:1s465R:MVgOVxfgr5pC_yOjg5w84kTVjaImBbj9vg6WzUwpYUg", "expire_date": "2024-05-20T21:41:29.157Z"}}, {"model": "sessions.session", "pk": "m23qhwmzfxihykfvxy6f8qmqai2asp6h", "fields": {"session_data": ".eJxVjMsOwiAQRf-FtSGUAQZcuvcbCI9BqgaS0q6M_65NutDtPefcF_NhW6vfBi1-zuzMJsdOv2MM6UFtJ_ke2q3z1Nu6zJHvCj_o4Nee6Xk53L-DGkb91nZKWKRUETQVBDAS0ZAsyinjDFoQZIyDAqARREFJSeoShAPIFmNk7w_X8zbd:1nzcSo:n5euydcYqLSwVzvWnBV09vPNt8tUJAgMoCADZGy-xnI", "expire_date": "2022-06-24T11:06:02.769Z"}}, {"model": "sessions.session", "pk": "ma0dbf9hl3s9758entwsclohtsfi2tys", "fields": {"session_data": ".eJxVjEEOwiAURO_C2hAKBT4u3fcMBPgfqRqalHZlvLsl6UJnOe_NvJkP-1b83mj1M7IrU-zy28WQnlQ7wEeo94WnpW7rHHlX-Ekbnxak1-10_w5KaOVYa9TWaodBgAgQtYUBs0F5BActVQLlcLRG2NEZSZ1kwOjIkIGMin2-wSI3NA:1rGENT:2iUCUJS1KHVJfOHPyGr8o29pRDx4Sp90Ho8wEiUU9fc", "expire_date": "2024-01-04T08:25:59.267Z"}}, {"model": "sessions.session", "pk": "mfwwv6wshgyh628sajcsy1yuu5i3xq1p", "fields": {"session_data": ".eJxVjEEOwiAURO_C2hAKBT4u3fcMBPgfqRqalHZlvLsl6UJnOe_NvJkP-1b83mj1M7IrU-zy28WQnlQ7wEeo94WnpW7rHHlX-Ekbnxak1-10_w5KaOVYa9TWaodBgAgQtYUBs0F5BActVQLlcLRG2NEZSZ1kwOjIkIGMin2-wSI3NA:1rFtOB:11sdGAuWJ4s9ub8d3RSBM1d0lBQYEodvrwG6SgE4By4", "expire_date": "2024-01-03T10:01:19.970Z"}}, {"model": "sessions.session", "pk": "mijfjq9pb52lty1zzcc1iojz3pi6mmzo", "fields": {"session_data": ".eJxVjDsOwjAQBe_iGln-O6Gk5wzWeneNA8iR4qRC3B0ipYD2zcx7iQTbWtPWeUkTibPQ4vS7ZcAHtx3QHdptlji3dZmy3BV50C6vM_Hzcrh_BxV6_dYWAqErpFyIwWIs5NB7ziEMIxelrcHREpMB0lHTYDwXUFErb2wsbMT7A_FeOAE:1oCNdQ:zXja8hPzGDJyd31KqV7kzbQEJFOZv63F7zqmbZlxeX8", "expire_date": "2022-07-29T15:53:44.356Z"}}, {"model": "sessions.session", "pk": "n31mizc70gv80rbar4f2mullxtjmuzvs", "fields": {"session_data": ".eJxVjDsOwjAQBe_iGln-xjElfc5g7XoXHEC2FCcV4u4QKQW0b2beSyTY1pK2zkuaSZyFNuL0OyLkB9ed0B3qrcnc6rrMKHdFHrTLqRE_L4f7d1Cgl29tOUNkJDIawY0RnPXKXAcbrQ7RBdTsjSIMGnkkABwsgFdZOY2KKYj3BxcwOHI:1o1WXU:MUfdUUFmmotdahuoYllkU4j774p6CDQMfM9O8eq1VFo", "expire_date": "2022-06-29T17:10:44.966Z"}}, {"model": "sessions.session", "pk": "n6g01s38yf2rgv01ktqqzf75qx7a11dn", "fields": {"session_data": ".eJxVjEEOwiAQRe_C2hCGoYAu3fcMhGFAqoYmpV0Z765NutDtf-_9lwhxW2vYel7CxOIiEMTpd6SYHrnthO-x3WaZ5rYuE8ldkQftcpw5P6-H-3dQY6_fmtgNBcBbUzxoRGID0bL3qkBCLIUwR3LMg1YaWREpOluNLrEDQ0W8PwlwOE0:1rjhXO:kV9CwX6dEs10d4BeZzEuXrKWDxD6jP22ShyyQr6cNdk", "expire_date": "2024-03-25T15:26:02.556Z"}}, {"model": "sessions.session", "pk": "n9wtfssjk5t0fa2lfqg5xx4wfuwro275", "fields": {"session_data": ".eJxVjEEOwiAQRe_C2hBgKFCX7j0DmTKDVA0kpV0Z765NutDtf-_9l4i4rSVunZc4kzgLPYjT7zhhenDdCd2x3ppMra7LPMldkQft8tqIn5fD_Tso2Mu3xkBZAebJA_oMjI7dkA2Q5UzWJT2qlJzOynq2IxgyyhoASAHRB2XF-wMq5zgr:1nuXWt:Y4UCyAmIbDVXkIOzyghNdQd8O23JA4jbZnxlWqma-Ls", "expire_date": "2022-06-10T10:49:15.278Z"}}, {"model": "sessions.session", "pk": "nd0wtj8gdorgzd2j29jwkz90tf3jl947", "fields": {"session_data": ".eJxVjDsOwjAQBe_iGln-O6Gk5wzWeneNA8iR4qRC3B0ipYD2zcx7iQTbWtPWeUkTibPQ4vS7ZcAHtx3QHdptlji3dZmy3BV50C6vM_Hzcrh_BxV6_dYWAqErpFyIwWIs5NB7ziEMIxelrcHREpMB0lHTYDwXUFErb2wsbMT7A_FeOAE:1ocTax:bQY5VdGbASdaIgd6E55VSC-qY6Q6UoNhB1SHWiS79rQ", "expire_date": "2022-10-09T15:31:03.311Z"}}, {"model": "sessions.session", "pk": "nfo4ncbq3j7io5u7y9u12eyqdd6h8ap1", "fields": {"session_data": ".eJxVjMEKwyAQRP_Fc5HsbmKwx977DeLqWtMWhZicQv-9CeTQngbmvZlNOb8u2a1NZjdFdVWkLr8d-_CScoD49OVRdahlmSfWh6JP2vS9RnnfTvfvIPuW9zUnISbpBhKwBhOj7UPizpjRQoSEkJiBwiAWLQjgyNDjYALtSQbV5wvqijdg:1nyCJ5:kBn-O0_NgRmZbggbOavhHedVUIg415-F3vKdWIIeQ9c", "expire_date": "2022-06-20T12:58:07.440Z"}}, {"model": "sessions.session", "pk": "nlmwbjj715btpixxb6biup261j7674h5", "fields": {"session_data": ".eJxVjEEOwiAQRe_C2pBSZAIu3XsGMgMzUjWQlHbVeHdt0oVu_3vvbyriupS4dp7jlNVFWXX63QjTk-sO8gPrvenU6jJPpHdFH7TrW8v8uh7u30HBXr61kKFsEEZwFJjQJwAnGQwODtF6yYEdQ5IRWBzSAMj-nFjABiAK6v0BGDU5XQ:1ofKpm:tEHsO4-Oya7BRcmKU7OaBGm2VfLUQn5ADkQmfvmz0dw", "expire_date": "2022-10-17T12:46:10.909Z"}}, {"model": "sessions.session", "pk": "oa10xt9paml884lm8ii4og0umiahdmm9", "fields": {"session_data": ".eJxVjMEKwyAQRP_Fc5HsbmKwx977DeLqWtMWhZicQv-9CeTQngbmvZlNOb8u2a1NZjdFdVWkLr8d-_CScoD49OVRdahlmSfWh6JP2vS9RnnfTvfvIPuW9zUnISbpBhKwBhOj7UPizpjRQoSEkJiBwiAWLQjgyNDjYALtSQbV5wvqijdg:1nuAa6:ozH34aqAbU_lMvjvOKMKTX7CKzVPEDfzGetW8VscYDc", "expire_date": "2022-06-09T10:19:02.216Z"}}, {"model": "sessions.session", "pk": "ochhrx84mo03jt04dhgkxn8f5jqqlwc6", "fields": {"session_data": ".eJxVjDsOwjAQBe_iGll24t9S0nMGa23v4gBypDipEHeHSCmgfTPzXiLitta4dVriVMRZDOL0uyXMD2o7KHdst1nmua3LlOSuyIN2eZ0LPS-H-3dQsddvrVkXVA4NULBgch6Bk_dILvlkgZkNFVUMkuIhe6NBqzAG5xSwseTF-wP83zgc:1o166S:6nmL1YX80z0IHZehi1Xz4gYHQBEZkEdMjsSq2tc_7jI", "expire_date": "2022-06-28T12:57:04.825Z"}}, {"model": "sessions.session", "pk": "oieyki7ficsmwdomrj4aujyn9lmbct2u", "fields": {"session_data": ".eJxVjEEOwiAQRe_C2pBSZAIu3XsGMgMzUjWQlHbVeHdt0oVu_3vvbyriupS4dp7jlNVFWXX63QjTk-sO8gPrvenU6jJPpHdFH7TrW8v8uh7u30HBXr61kKFsEEZwFJjQJwAnGQwODtF6yYEdQ5IRWBzSAMj-nFjABiAK6v0BGDU5XQ:1oqV9p:dHm9tZAcShN9IVqIPXBncJN0z0GxHwpypWhG-M_dlpk", "expire_date": "2022-11-17T08:01:01.024Z"}}, {"model": "sessions.session", "pk": "onbfjbowew3l6x8jd7rhixwiaivtrljh", "fields": {"session_data": ".eJxVjDkOwjAURO_iGlmO43ihpM8ZrL_YOIAcKU4qxN1JpBTQTDHvzbxFhG0tcWtpiROLqxjE5bdDoGeqB-AH1Pssaa7rMqE8FHnSJseZ0-t2un8HBVrZ10i-R2M5Ka2BrE0YjA7BeFIKSHNGy7SH7iCT8exc8g570gMpgNyJzxcDPzjo:1nuXIZ:EDSqpavUyF8LuIl5L5v5YLNMjQCUhXQQ10m8tHh1wSQ", "expire_date": "2022-06-10T10:34:27.094Z"}}, {"model": "sessions.session", "pk": "piuuvtp694ewvria5oj6dn95v671821x", "fields": {"session_data": ".eJxVjEEOwiAQRe_C2pApBQou3XsGMjOAVA0kpV0Z765NutDtf-_9lwi4rSVsPS1hjuIsjDj9boT8SHUH8Y711iS3ui4zyV2RB-3y2mJ6Xg7376BgL98aHaKH7CypZIfsHEDK5JPRwHlgrZyCkRSSHmGy6DhDZBN58tFoTyDeH_I1OCs:1pURQW:2J2JoTndnBdVVxfxoar9Hgk0RQ7-SVyrazQ2Hg63iuA", "expire_date": "2023-03-07T12:07:20.895Z"}}, {"model": "sessions.session", "pk": "pjtaicvdhh0gahrw4wz7jwtfzv84hb36", "fields": {"session_data": ".eJxVjMEKwyAQRP_Fc5HsbmKwx977DeLqWtMWhZicQv-9CeTQngbmvZlNOb8u2a1NZjdFdVWkLr8d-_CScoD49OVRdahlmSfWh6JP2vS9RnnfTvfvIPuW9zUnISbpBhKwBhOj7UPizpjRQoSEkJiBwiAWLQjgyNDjYALtSQbV5wvqijdg:1oZ6uq:TF2JWaB8Hn8naNVojmr5liptIQPflhQtambclSjCgp0", "expire_date": "2022-09-30T08:41:40.730Z"}}, {"model": "sessions.session", "pk": "pwyl287br7bs4s9nh8353ejvlebag3vl", "fields": {"session_data": ".eJxVjEEOwiAURO_C2hAKBT4u3fcMBPgfqRqalHZlvLsl6UJnOe_NvJkP-1b83mj1M7IrU-zy28WQnlQ7wEeo94WnpW7rHHlX-Ekbnxak1-10_w5KaOVYa9TWaodBgAgQtYUBs0F5BActVQLlcLRG2NEZSZ1kwOjIkIGMin2-wSI3NA:1rMiYj:lnwFtY2XTOGm6qQoqJHFXCBjEyxgEyl5X7OZ_X7oWiw", "expire_date": "2024-01-22T05:52:25.920Z"}}, {"model": "sessions.session", "pk": "qijj09mctg76twmm61xj87ij91d3mpz0", "fields": {"session_data": ".eJxVjDsOwjAQBe_iGln-O6Gk5wzWeneNA8iR4qRC3B0ipYD2zcx7iQTbWtPWeUkTibPQ4vS7ZcAHtx3QHdptlji3dZmy3BV50C6vM_Hzcrh_BxV6_dYWAqErpFyIwWIs5NB7ziEMIxelrcHREpMB0lHTYDwXUFErb2wsbMT7A_FeOAE:1o9KWr:FPKbwZKfaJ_FnuGoV7ESgRCL7Y_Le0Uwq9nRgNM_OYM", "expire_date": "2022-07-21T05:58:21.553Z"}}, {"model": "sessions.session", "pk": "rn2nzq1d11vhusaq6ro4z8pknekr2df2", "fields": {"session_data": ".eJxVjE0OwiAYBe_C2hAoRcCl-56BfD8gVQNJaVfGu2uTLnT7Zua9RIRtLXHraYkzi4vQTpx-RwR6pLoTvkO9NUmtrsuMclfkQbucGqfn9XD_Dgr08q3JICvF6J31gQZwzJo82axQh-QBOJA-6xEyEVlvvRlcNqN1mBJDMOL9ASziOP0:1rp4FE:Z4gWDTR5b4TnbR66TW9v9-7xV5KYwqqIi3gHKW8fVt0", "expire_date": "2024-04-09T10:41:28.208Z"}}, {"model": "sessions.session", "pk": "s3eav1gamo0lyidsctp5loqrr3vmgrni", "fields": {"session_data": ".eJxVjEEOwiAQRe_C2pAW6Ay4dN8zEIYBqRqalHZlvLtt0oVu33v_v4UP21r81tLiJxZXocTll1GIz1QPwY9Q77OMc12XieSRyNM2Oc6cXrez_TsooZV9TUYbHXvDSYEjsDlajYoxD11WCAm6bKGngMZRtMiD2jEmYAdOK5vF5wvV7jdu:1ogk7x:Rh5ZwQY0pUaTus95BvNRyQZNGQx1q25lOTm45aCJQqs", "expire_date": "2022-10-21T09:58:45.467Z"}}, {"model": "sessions.session", "pk": "sf0pyxs67hcm703my2mzir6p2tadr4l5", "fields": {"session_data": ".eJxVjEEOwiAURO_C2hAKBT4u3fcMBPgfqRqalHZlvLsl6UJnOe_NvJkP-1b83mj1M7IrU-zy28WQnlQ7wEeo94WnpW7rHHlX-Ekbnxak1-10_w5KaOVYa9TWaodBgAgQtYUBs0F5BActVQLlcLRG2NEZSZ1kwOjIkIGMin2-wSI3NA:1rN5Vv:0UyiakIpiq0QlTn77OFN1Qyq8xyayliZAoRbxvMExEo", "expire_date": "2024-01-23T06:23:03.604Z"}}, {"model": "sessions.session", "pk": "stpf46tn96h14kuhv5fjub52mmrraink", "fields": {"session_data": ".eJxVjDsOwjAQBe_iGln-O6Gk5wzWeneNA8iR4qRC3B0ipYD2zcx7iQTbWtPWeUkTibPQ4vS7ZcAHtx3QHdptlji3dZmy3BV50C6vM_Hzcrh_BxV6_dYWAqErpFyIwWIs5NB7ziEMIxelrcHREpMB0lHTYDwXUFErb2wsbMT7A_FeOAE:1nu8Kk:SOJ0OkfEqtCmbsaIYm6wI5KQdTa9FB0xY_0p8uJgljM", "expire_date": "2022-06-09T07:55:02.208Z"}}, {"model": "sessions.session", "pk": "t3lxmr3satb8xn8ncbvvbclpuz9qyvy8", "fields": {"session_data": ".eJxVjMsOwiAQRf-FtSG8CoxL934DAYaRqoGktCvjv2uTLnR7zzn3xULc1hq2UZYwIzszy06_W4r5UdoO8B7brfPc27rMie8KP-jg147leTncv4MaR_3WOSMZgREt-aQxOcgkQCg9JeWUAvDGGpIYlSEnoaCdSDiPoEFKScjeH_34N-k:1nuXUU:qH7q9uhweyKHa8qaBnDJ7xEwuBwW4bINgsdlPRj8nnY", "expire_date": "2022-06-10T10:46:46.238Z"}}, {"model": "sessions.session", "pk": "tpasfpst77escnven00ej9lrtc543jtf", "fields": {"session_data": ".eJxVjEEOwiAQRe_C2pCWdujg0r1nIAMzSNVAUtqV8e7apAvd_vfefylP25r91mTxM6uzMqM6_Y6B4kPKTvhO5VZ1rGVd5qB3RR-06WtleV4O9-8gU8vfOjqiKYAFMMJAlCaTsEfLfYA4pEEAjThG5oQ2RpsAMLhuFOxQUhD1_gAo_zkb:1oqBsL:Wvu3uu4jfU3YMPzSa8q1a52q_cqsUC9c_k_TrWTYEGY", "expire_date": "2022-11-16T11:25:41.302Z"}}, {"model": "sessions.session", "pk": "ttflbkx51qkx3o5ao34rf9rsi3gzd1g5", "fields": {"session_data": ".eJxVjMsOwiAQRf-FtSFTGEpx6d5vIDM8pGogKe3K-O_apAvd3nPOfQlP21r81tPi5yjOQovT78YUHqnuIN6p3poMra7LzHJX5EG7vLaYnpfD_Tso1Mu3Jsx51MBWI1o2KhoYwWDI7JxyU6Rgh6xtnlCZAGCYGSNhSMbCYJMT7w_Wmzej:1q7A1i:K2L9-D1fpVWA22j7Anq60rJGZ1WsgHjV9AaDxJqGj3s", "expire_date": "2023-06-22T07:25:46.144Z"}}, {"model": "sessions.session", "pk": "u5s9h9bjzilcz0kzt944yhlinz3ky5l8", "fields": {"session_data": ".eJxVjEEOwiAQRe_C2pDCQAdcuvcMZCiDVA0kpV0Z765NutDtf-_9lwi0rSVsnZcwJ3EWWonT7xhpenDdSbpTvTU5tbouc5S7Ig_a5bUlfl4O9--gUC_f2qhIOWv0kQajwdkRRp8sQgbwHtFS9JjQIZPhODhgNDpnIjZZKUji_QH0pzfr:1oEAdo:nr7Q2nO5cPxHmAK5Y1k-0pBBgYKUeOrT4GzGP5TWLus", "expire_date": "2022-08-03T14:25:32.030Z"}}, {"model": "sessions.session", "pk": "uar3osd56eiyj3d4msgf7ykgohqfxe3w", "fields": {"session_data": ".eJxVjDsOwjAQBe_iGln-O6Gk5wzWeneNA8iR4qRC3B0ipYD2zcx7iQTbWtPWeUkTibPQ4vS7ZcAHtx3QHdptlji3dZmy3BV50C6vM_Hzcrh_BxV6_dYWAqErpFyIwWIs5NB7ziEMIxelrcHREpMB0lHTYDwXUFErb2wsbMT7A_FeOAE:1oQBdd:qeJpNtpgfd8mAtTG-I4VnsJ-6a_S48rxnm0lPot1x_w", "expire_date": "2022-09-05T17:55:01.441Z"}}, {"model": "sessions.session", "pk": "uguzt91clbdwzh1l5rpkw2d1c2q2il0g", "fields": {"session_data": ".eJxVjDsOwjAQBe_iGll24t9S0nMGa23v4gBypDipEHeHSCmgfTPzXiLitta4dVriVMRZDOL0uyXMD2o7KHdst1nmua3LlOSuyIN2eZ0LPS-H-3dQsddvrVkXVA4NULBgch6Bk_dILvlkgZkNFVUMkuIhe6NBqzAG5xSwseTF-wP83zgc:1nu8ZS:PcvmIOhDHwy8Db2c3ug-Ujc49ffq60iNi9FAt05dhYE", "expire_date": "2022-06-09T08:10:14.370Z"}}, {"model": "sessions.session", "pk": "uhc6kbgyuewnh6xy8l26y7mw1q6lis30", "fields": {"session_data": ".eJxVjDsOwjAQBe_iGln-O6Gk5wzWeneNA8iR4qRC3B0ipYD2zcx7iQTbWtPWeUkTibPQ4vS7ZcAHtx3QHdptlji3dZmy3BV50C6vM_Hzcrh_BxV6_dYWAqErpFyIwWIs5NB7ziEMIxelrcHREpMB0lHTYDwXUFErb2wsbMT7A_FeOAE:1o7Ktv:PxHsc3sjVZYQVR4HipDl0-VA_waVhbbL1lXgollTgaw", "expire_date": "2022-07-15T17:57:55.649Z"}}, {"model": "sessions.session", "pk": "ujtgn3hcj7m0ep8myakz6xnu07v0md2p", "fields": {"session_data": ".eJxVjMEOwiAQRP-FsyHFLoV69O43kF12kaqhSWlPxn-XJj3oZQ7z3sxbBdzWHLYqS5hYXRQM6vRbEsanlJ3wA8t91nEu6zKR3hV90KpvM8vrerh_BxlrbmsBa01PyNEPxmB3Fkg2gSVAcDaOQOI8MSYh13vCltw1EEfyxtioPl8c9zjC:1sKfDM:DhKE_Se7a0nsOIAZXcF6JZ6ESu-Ptu0KGVcoKG48_cc", "expire_date": "2024-07-05T14:26:08.051Z"}}, {"model": "sessions.session", "pk": "uo252oc7gv4qthzz8090jv9kf0jrn6ln", "fields": {"session_data": ".eJxVjEEOwiAQRe_C2hBgMpBx6d4zkGGgUjWQlHZlvLs26UK3_733Xyrytta4jbLEOauzcqhOv2NieZS2k3zndutaeluXOeld0Qcd-tpzeV4O9--g8qjf2jowINkTeQ8pAJE1VkJAY8EhETNkU4yDCUUwixe0JYQpEVDxHtX7A8zVNvI:1oqEWm:ObPVyyWtj28Qkt6HEQaB4kpLXoVN9knLbnm-HOoTQbQ", "expire_date": "2022-11-16T14:15:36.031Z"}}, {"model": "sessions.session", "pk": "us432z1qd4lengvfi1rvbw4hj6n2h8lu", "fields": {"session_data": ".eJxVjDsOwjAQBe_iGln-O6Gk5wzWeneNA8iR4qRC3B0ipYD2zcx7iQTbWtPWeUkTibPQ4vS7ZcAHtx3QHdptlji3dZmy3BV50C6vM_Hzcrh_BxV6_dYWAqErpFyIwWIs5NB7ziEMIxelrcHREpMB0lHTYDwXUFErb2wsbMT7A_FeOAE:1o8jrx:V0YgJolD_Fwiw3EDLMXC0ubxXIsvltDzPKfNj02sN_g", "expire_date": "2022-07-19T14:49:41.579Z"}}, {"model": "sessions.session", "pk": "v1t10h9rkh5yqj8w475v90wth2731tjk", "fields": {"session_data": ".eJxVjMEKwyAQRP_Fc5HsbmKwx977DeLqWtMWhZicQv-9CeTQngbmvZlNOb8u2a1NZjdFdVWkLr8d-_CScoD49OVRdahlmSfWh6JP2vS9RnnfTvfvIPuW9zUnISbpBhKwBhOj7UPizpjRQoSEkJiBwiAWLQjgyNDjYALtSQbV5wvqijdg:1oMNfc:dAhZFQ6pmgfIbtymkOYB41R_hhqIFBkehysczGKb76c", "expire_date": "2022-08-26T05:57:20.005Z"}}, {"model": "sessions.session", "pk": "ver7p62kzktqyksdy1gufdxwff0mkir7", "fields": {"session_data": ".eJxVjMsOwiAQRf-FtSEUxszg0r3fQHgMUjWQlHZl_Hdp0oVuzzn3voXz21rc1nlxcxIXYVCcfmHw8cl1N-nh673J2Oq6zEHuiTxsl7eW-HU92r-D4nsZa-WtISI9oaIcLZI25EMyAIpVJnMeIttBOZNCTgQAjFkrwIgTBfH5Atd4Ntc:1ruqVi:evLwGpxyZV00IKecrGfzHPZpisQI5eBfzqngywtUcns", "expire_date": "2024-04-25T09:14:22.459Z"}}, {"model": "sessions.session", "pk": "vhrgcrj68bmid2uj82l4en749ytp1wj7", "fields": {"session_data": ".eJxVjMEKwyAQRP_Fc5HsbmKwx977DeLqWtMWhZicQv-9CeTQngbmvZlNOb8u2a1NZjdFdVWkLr8d-_CScoD49OVRdahlmSfWh6JP2vS9RnnfTvfvIPuW9zUnISbpBhKwBhOj7UPizpjRQoSEkJiBwiAWLQjgyNDjYALtSQbV5wvqijdg:1nuUOM:snd5JBwAhrnBTqgpGlPypfmdK5dXWvyyz4l6S1dtHng", "expire_date": "2022-06-10T07:28:14.600Z"}}, {"model": "sessions.session", "pk": "vlo59b35lf1kf8qc8xl0k3fwy2oftg41", "fields": {"session_data": ".eJxVjMsOwiAQRf-FtSHyaAGX7vsNZGYYpGogKe3K-O_apAvd3nPOfYkI21ri1nmJcxIXYa04_Y4I9OC6k3SHemuSWl2XGeWuyIN2ObXEz-vh_h0U6OVbMyBlzMGwctqA82QDqgFJe1SU7ei0VYbzgOkcyGse0bLTyIF98lqJ9wcybjjQ:1sFnJ7:xzxMXy5wMk8fZ5Ig9XzH2qD_79Fo-0gx5sSQA6Eef8M", "expire_date": "2024-06-22T04:03:57.090Z"}}, {"model": "sessions.session", "pk": "vt0g597ii9qf37wkoppndz15oqzst9ds", "fields": {"session_data": ".eJxVjMEOwiAQRP-FsyFhqSx49O43kC3LStVAUtqT8d9tkx50jvPezFtFWpcS157nOLG6KOPU6bccKT1z3Qk_qN6bTq0u8zTqXdEH7frWOL-uh_t3UKiXbR3OJsMWSsmK9-wZLTghBivGDIGzxYRENgA6BgIiIxlQBBEYBvX5AgjlODY:1rPMM1:jhlHGPYHdPrUCRHcpeiDYruc5-fYOwrgp0psOt8ak-o", "expire_date": "2024-01-29T12:46:13.509Z"}}, {"model": "sessions.session", "pk": "w4fcoogk23ndjfa74kegzxf8u6enr3bv", "fields": {"session_data": ".eJxVjDkOwjAUBe_iGlkyjjdKes5g_S04gBwpTqqIu4OlFFC-N6PZVYZtLXlrsuSJ1UUZq06_JwI9pXbCD6j3WdNc12VC3RV90KZvM8vrerh_gQKt9G5Cw8ERCXhGYLFxQIxonUcJFtIA5KMZUiIx6TwahjAiwXd4ig7V-wM4Njlc:1nuXPp:PNA_mp45Ar4YGRhzOEG-rsYz4-7TWfAw60ufzHORmPA", "expire_date": "2022-06-10T10:41:57.713Z"}}, {"model": "sessions.session", "pk": "w4l8daci1jymsu35p4hh6dxr1uxrp9zh", "fields": {"session_data": ".eJxVjDsOwjAQBe_iGln-O6Gk5wzWeneNA8iR4qRC3B0ipYD2zcx7iQTbWtPWeUkTibPQ4vS7ZcAHtx3QHdptlji3dZmy3BV50C6vM_Hzcrh_BxV6_dYWAqErpFyIwWIs5NB7ziEMIxelrcHREpMB0lHTYDwXUFErb2wsbMT7A_FeOAE:1oI7xT:Est_x-274kCTvvboSV_dv3QRrlzYAZq_14e5IaMpTyo", "expire_date": "2022-08-14T12:22:11.801Z"}}, {"model": "sessions.session", "pk": "wzwu1jgk998gq2y6hr8iheifwm181wir", "fields": {"session_data": ".eJxVjDkOwjAUBe_iGlmx4y2U9DmD9RcHB5AtZakQd8eRUkD7Zua9RYR9y3Ff0xJnFldhvLj8jgj0TOUg_IByr5Jq2ZYZ5aHIk65yrJxet9P9O8iw5lbjoAOTc8RGK3K-xyHYnt2gLFpLPqhOBzMxUSOA2vhOM0wEFk3ffPH5AgGVOA4:1sQTzs:vkdMpe-r70PC0lC6AkNhoaKo0azlM_pTn0vOAhs1ioo", "expire_date": "2024-07-21T15:40:16.659Z"}}, {"model": "sessions.session", "pk": "x9ic7ocpu91ox4an7rzc4fl11petd02d", "fields": {"session_data": ".eJxVjEEOwiAQRe_C2hCgCIxL9z0DmSmDVA0kpV0Z765NutDtf-_9l4i4rSVunZc4J3ERWonT70g4PbjuJN2x3pqcWl2XmeSuyIN2ObbEz-vh_h0U7OVbnzkMwGxyzm6w1no0nsEzZsNkgJCcM6AV2JBUDkDstPIQiIYUiLN4fwATKDiH:1pZs2o:jdESlgqe0hi83ltld3668uj6a1X8XG2LGB2yO-2ZxJg", "expire_date": "2023-03-22T11:33:18.903Z"}}, {"model": "sessions.session", "pk": "xie57sqooryvovanb4wujrlq5jr39k4h", "fields": {"session_data": ".eJxVjEEOwiAQRe_C2pDCQAdcuvcMZCiDVA0kpV0Z765NutDtf-_9lwi0rSVsnZcwJ3EWWonT7xhpenDdSbpTvTU5tbouc5S7Ig_a5bUlfl4O9--gUC_f2qhIOWv0kQajwdkRRp8sQgbwHtFS9JjQIZPhODhgNDpnIjZZKUji_QH0pzfr:1oE9zg:NNhAlhTrxtjRBfTB44_jfGhByeI_KeIXKtRsGLoA9Gg", "expire_date": "2022-08-03T13:44:04.245Z"}}, {"model": "sessions.session", "pk": "xv3wd25krrg3ncymz07aeh1rsy4gdj6l", "fields": {"session_data": ".eJxVjDsOwjAQBe_iGln-O6Gk5wzWeneNA8iR4qRC3B0ipYD2zcx7iQTbWtPWeUkTibPQ4vS7ZcAHtx3QHdptlji3dZmy3BV50C6vM_Hzcrh_BxV6_dYWAqErpFyIwWIs5NB7ziEMIxelrcHREpMB0lHTYDwXUFErb2wsbMT7A_FeOAE:1sRPQn:y3KUPlgbH5dS43jwzu4NF4rB8q25kiz80P-zi4IuTMA", "expire_date": "2024-07-24T04:59:53.269Z"}}, {"model": "sessions.session", "pk": "y747w6nxsfle0ar0l7kdcb357tm87fs0", "fields": {"session_data": ".eJxVjMEOwiAQRP-FsyFhqSx49O43kC3LStVAUtqT8d9tkx50jvPezFtFWpcS157nOLG6KOPU6bccKT1z3Qk_qN6bTq0u8zTqXdEH7frWOL-uh_t3UKiXbR3OJsMWSsmK9-wZLTghBivGDIGzxYRENgA6BgIiIxlQBBEYBvX5AgjlODY:1q7A0L:pdPuBWNtfLi7j3oNL-czCbvdOySrprXtBIixlR5GP7Y", "expire_date": "2023-06-22T07:24:21.594Z"}}, {"model": "sessions.session", "pk": "yhlj8ehjxiu4bjggn7uwc30a3x5gd0nh", "fields": {"session_data": ".eJxVjDsOwjAQBe_iGln-xF6Hkj5nsDZrLw4gR4qTCnF3EikFtG9m3ltE3NYSt5aXOCVxFUaLy-84Ij1zPUh6YL3Pkua6LtMoD0WetMlhTvl1O92_g4Kt7HXwRlvwgY21HthBp41HlT0EQhWYEyDmDpMlAkWpd9zvglYILljW4vMF5ow3rQ:1osgRJ:evthNzMyyRw5bbreY92k4whkPVm63uvnxlnz0vfoxAg", "expire_date": "2022-11-23T08:28:05.452Z"}}, {"model": "sessions.session", "pk": "yhlxoe2yirv7d34s9wdlt6lkpek2vhvh", "fields": {"session_data": ".eJxVjDsOwjAQBe_iGln-O6Gk5wzWeneNA8iR4qRC3B0ipYD2zcx7iQTbWtPWeUkTibPQ4vS7ZcAHtx3QHdptlji3dZmy3BV50C6vM_Hzcrh_BxV6_dYWAqErpFyIwWIs5NB7ziEMIxelrcHREpMB0lHTYDwXUFErb2wsbMT7A_FeOAE:1nwRNs:c_PZWMblfWhTgWRq-eZZch_eZTLu6ZdXC09IzqG3xVA", "expire_date": "2022-06-15T16:39:48.586Z"}}, {"model": "sessions.session", "pk": "ypcgqhdh4rxshwbz3q229hqrnbprw2au", "fields": {"session_data": ".eJxVjEEOgjAQRe_StWmgHVpw6Z4zNNOZqUUNTSisjHcXEha6_e-9_1YBtzWHrcoSJlZX1YK6_I4R6SnzQfiB871oKvO6TFEfij5p1WNhed1O9-8gY8173bjBW3IwJCbbJUb0vQB3xjTGY-pFBMEk3r1kDXlkGjw30MbkgFpWny8ZPTjN:1o0fNg:rWw-RkYX1E9jKC0pPDMi9-DFqYbvDQC1no0WtNDzXaA", "expire_date": "2022-06-27T08:25:04.028Z"}}, {"model": "sessions.session", "pk": "yptm7qlfqlobphlb9q9vlb64ikib8rsf", "fields": {"session_data": ".eJxVjEsOwjAMBe-SNYrSuEkdluw5Q2THLimgVupnhbg7VOoCtm9m3stk2taat0XnPIg5GzSn342pPHTcgdxpvE22TOM6D2x3xR50sddJ9Hk53L-DSkv91pGD68hzaJvkQYNQC8LgQ9MC9k4cAGOjyC50mGJCECzMsRRNCq437w_GPjd3:1nuXGs:PZZoNPRMk8FrKbBjSy0Spkd0_GAbmp0I8DH1iQ0vcgk", "expire_date": "2022-06-10T10:32:42.445Z"}}, {"model": "sessions.session", "pk": "z7ndswco20yo2keh63vucsa4k82id153", "fields": {"session_data": ".eJxVjDsOwjAQBe_iGln-O6Gk5wzWeneNA8iR4qRC3B0ipYD2zcx7iQTbWtPWeUkTibPQ4vS7ZcAHtx3QHdptlji3dZmy3BV50C6vM_Hzcrh_BxV6_dYWAqErpFyIwWIs5NB7ziEMIxelrcHREpMB0lHTYDwXUFErb2wsbMT7A_FeOAE:1oI8Ay:8Uu6HWSGbKgBXV29y3braqTtZvXfnVvsuIvDB6SiLss", "expire_date": "2022-08-14T12:36:08.714Z"}}, {"model": "sites.site", "pk": 1, "fields": {"domain": "ktda-foundation.com", "name": "ktda-foundation.com"}}, {"model": "accounts.user", "pk": 1, "fields": {"password": "pbkdf2_sha256$320000$MxvvwR34gjm0xvTc6jFuZY$XhGVumJrRztlkX9sX7aiA6+ZMgVPrPqcPH+0Wh+nhn8=", "last_login": "2024-07-10T04:59:53.266Z", "phone_number": "+254718821114", "email": null, "first_name": null, "last_name": null, "is_lme": false, "active": true, "staff": true, "admin": true}}, {"model": "accounts.user", "pk": 2, "fields": {"password": "pbkdf2_sha256$320000$Js4DxIpanpMgcG3rW9PFk1$O7ZJe7sM9oA6wdOBMu4bosHW79yh7ayt3LSfwJbMf6A=", "last_login": "2022-10-07T09:58:45.462Z", "phone_number": "+254714481371", "email": null, "first_name": null, "last_name": null, "is_lme": true, "active": true, "staff": false, "admin": false}}, {"model": "accounts.user", "pk": 3, "fields": {"password": "pbkdf2_sha256$320000$WS3wXaTwDRsKnrhkq5Vyas$8ntKm9Py1NhwV5odKQHdKR7qmIgq69COZcQdgXlPa+8=", "last_login": "2024-07-04T15:08:48.092Z", "phone_number": "+254720848330", "email": null, "first_name": null, "last_name": null, "is_lme": false, "active": true, "staff": true, "admin": false}}, {"model": "accounts.user", "pk": 4, "fields": {"password": "pbkdf2_sha256$320000$CXhw4zNxHvdwxZJvYc9Xz8$vZ6axcaH6uJ+AOSXwDSwGoFkdQuY9kFljaAs4OpOBvU=", "last_login": "2022-05-27T10:26:04.575Z", "phone_number": "+254715769356", "email": null, "first_name": null, "last_name": null, "is_lme": true, "active": true, "staff": false, "admin": false}}, {"model": "accounts.user", "pk": 5, "fields": {"password": "pbkdf2_sha256$320000$drVUoxUNqVfNONxEdzRNQa$FW6JdsN6bw11roPNUn9Ezy/Yr4NZl72En3tnhCVYtAs=", "last_login": "2023-03-21T17:17:35.496Z", "phone_number": "+254720038605", "email": null, "first_name": null, "last_name": null, "is_lme": true, "active": true, "staff": false, "admin": false}}, {"model": "accounts.user", "pk": 6, "fields": {"password": "pbkdf2_sha256$320000$bbCMXGi5jXGxI7N87we1Wp$rSXU0Jl3VTijpqPFJfbYkoRHz8a1jAveMhHAfslb1So=", "last_login": "2022-05-27T10:46:46.232Z", "phone_number": "+254728666512", "email": null, "first_name": null, "last_name": null, "is_lme": true, "active": true, "staff": false, "admin": false}}, {"model": "accounts.user", "pk": 7, "fields": {"password": "pbkdf2_sha256$320000$9Vl2Mr6vlBovGstOeCHDre$VTMmNFIrrm0Da9SHoYQMqtLr3VbySaaF22L8f54OOVs=", "last_login": "2022-05-27T10:31:27.543Z", "phone_number": "+254724158548", "email": null, "first_name": null, "last_name": null, "is_lme": true, "active": true, "staff": false, "admin": false}}, {"model": "accounts.user", "pk": 8, "fields": {"password": "pbkdf2_sha256$320000$A1bwWdTujrAjDlhFIygJ7k$M+CZLojwT6YC+VHbqp20EA/6VCIaxd1ZEbaKA3hTFnw=", "last_login": "2022-05-27T10:32:42.433Z", "phone_number": "+254114266017", "email": null, "first_name": null, "last_name": null, "is_lme": true, "active": true, "staff": false, "admin": false}}, {"model": "accounts.user", "pk": 9, "fields": {"password": "pbkdf2_sha256$320000$p2yzdCTZI1XVQBXkHj9OxQ$98s6DGp7q4pHlpD0XqgUcjpkGG0WfvAA2jpnBFNMT0g=", "last_login": null, "phone_number": "+254726666157", "email": null, "first_name": null, "last_name": null, "is_lme": true, "active": true, "staff": false, "admin": false}}, {"model": "accounts.user", "pk": 10, "fields": {"password": "pbkdf2_sha256$320000$AzQ3HmM0tMUcHHu3fY5zB7$QI5WlsX2d10v805jxvYjK9BIiekkOsmxkM6sctRV51A=", "last_login": "2023-03-08T11:33:18.897Z", "phone_number": "+254725986905", "email": null, "first_name": null, "last_name": null, "is_lme": true, "active": true, "staff": false, "admin": false}}, {"model": "accounts.user", "pk": 11, "fields": {"password": "pbkdf2_sha256$320000$T5F1u1Hib3YIM6h85JIlgq$PO2pa2BD50yqKDFjvU936eaTq2lM6Pvs0UY4nBRopVs=", "last_login": "2022-05-27T10:39:57.418Z", "phone_number": "+254742813674", "email": null, "first_name": null, "last_name": null, "is_lme": true, "active": true, "staff": false, "admin": false}}, {"model": "accounts.user", "pk": 12, "fields": {"password": "pbkdf2_sha256$320000$7RIR9vkXALBcGzZJzoJ3Y0$V2BDtyb2pUcw+aIhwL0Jb7OOXWj8os5xYcCZCQEUrf4=", "last_login": "2022-06-15T17:10:44.943Z", "phone_number": "+254724391701", "email": null, "first_name": null, "last_name": null, "is_lme": true, "active": true, "staff": false, "admin": false}}, {"model": "accounts.user", "pk": 13, "fields": {"password": "pbkdf2_sha256$320000$ochJmBpqYVe0CCHRpScxJV$r8LbvDTiL/esTRzsV7YrJ0CRp5PxvKlB8ej/U1NhXJ8=", "last_login": "2022-05-27T10:41:57.705Z", "phone_number": "+254728263196", "email": null, "first_name": null, "last_name": null, "is_lme": true, "active": true, "staff": false, "admin": false}}, {"model": "accounts.user", "pk": 14, "fields": {"password": "pbkdf2_sha256$320000$Q9EKPkUAg5gFecGAbEbrYs$ULCTMKd4RJMIX5cnA3NSry9eRY/sNYBPUu7uTwjFFWM=", "last_login": "2022-06-13T08:25:03.999Z", "phone_number": "+254714350465", "email": null, "first_name": null, "last_name": null, "is_lme": true, "active": true, "staff": false, "admin": false}}, {"model": "accounts.user", "pk": 15, "fields": {"password": "pbkdf2_sha256$320000$PdJiaLseuWHto1Dkk6wMLx$ptMpQ3mctSfqgSSsWaKocwdOvwNacVYBxXkd0XNINTw=", "last_login": "2022-06-29T10:35:41.762Z", "phone_number": "+254713063066", "email": null, "first_name": null, "last_name": null, "is_lme": true, "active": true, "staff": false, "admin": false}}, {"model": "accounts.user", "pk": 16, "fields": {"password": "pbkdf2_sha256$320000$JzETiYPVTtCgcmwEZCszjQ$NuGyxB5LeOUkFYCwV+5cbl/ldBP00L0RTzYuwxK9L8k=", "last_login": "2024-07-04T09:55:00.436Z", "phone_number": "+254704312382", "email": null, "first_name": null, "last_name": null, "is_lme": false, "active": true, "staff": true, "admin": false}}, {"model": "accounts.user", "pk": 17, "fields": {"password": "pbkdf2_sha256$320000$eHeB5FwSnM3yVqwU2CIRXT$hCw3v6D4dpPhA0DBdaUuIKnZ02qIkmiuRxR84a/YbGU=", "last_login": "2024-07-03T09:11:40.148Z", "phone_number": "+254707710707", "email": null, "first_name": null, "last_name": null, "is_lme": true, "active": true, "staff": false, "admin": false}}, {"model": "accounts.user", "pk": 18, "fields": {"password": "pbkdf2_sha256$320000$fvxFJDfnvrnzuAITgVzCNz$mJ5lCMLKoB04dPv31urI42j4ObK43f1AZIOJmS8Jhao=", "last_login": "2022-10-14T07:31:17.708Z", "phone_number": "+254722437762", "email": null, "first_name": "Winfred", "last_name": "Kabuuri", "is_lme": false, "active": true, "staff": true, "admin": false}}, {"model": "accounts.user", "pk": 19, "fields": {"password": "pbkdf2_sha256$320000$dgDxaR7n6PVW9JYQM81bkz$3eNgq2oMPDsgipdiE2JZ2GnRV54KV69hLRPQkhMAtCQ=", "last_login": "2022-06-10T11:06:02.760Z", "phone_number": "+254722586602", "email": null, "first_name": null, "last_name": null, "is_lme": true, "active": true, "staff": false, "admin": false}}, {"model": "accounts.user", "pk": 20, "fields": {"password": "pbkdf2_sha256$320000$0fK0FzauutaIgyYZ8QISsG$FDabNu92cA5dlopWnOEzWbVRd8Uhc0gnYQSozrQJ/0o=", "last_login": "2022-06-15T18:36:25.179Z", "phone_number": "+254708581477", "email": null, "first_name": null, "last_name": null, "is_lme": false, "active": true, "staff": true, "admin": false}}, {"model": "accounts.user", "pk": 21, "fields": {"password": "pbkdf2_sha256$320000$dAZ1z2CgNQTsF7N0xfFvAh$mkUvWvf7dHj6LTzTwtKnlJQuuvV/k6WrnreiZ2cE5uM=", "last_login": "2022-11-09T08:28:05.445Z", "phone_number": "+254798987810", "email": null, "first_name": null, "last_name": null, "is_lme": false, "active": true, "staff": false, "admin": false}}, {"model": "accounts.user", "pk": 22, "fields": {"password": "pbkdf2_sha256$320000$ACPatqAyt8htJFxPtrzSYC$iFob33BzQTzxO7AbyLtpUx996zvvOoYUSro3VoyYyX8=", "last_login": "2022-07-25T14:14:59.156Z", "phone_number": "+254720545084", "email": null, "first_name": null, "last_name": null, "is_lme": false, "active": true, "staff": false, "admin": false}}, {"model": "accounts.user", "pk": 23, "fields": {"password": "pbkdf2_sha256$320000$8T46QsIM7LkN9rRdGhSUiV$uA3sBSXktRSg9Y5jg/YWPoNRUvhcPAvaEnpbhTpz7BA=", "last_login": null, "phone_number": "+254713874462", "email": null, "first_name": null, "last_name": null, "is_lme": false, "active": true, "staff": false, "admin": false}}, {"model": "accounts.user", "pk": 24, "fields": {"password": "pbkdf2_sha256$320000$fEU48FebboKV6OG9AxqQBS$hMhA9fBELDOGL8Hu7zgm+Cn5/35FzZ1KTy/HBCwGcUc=", "last_login": "2022-11-02T11:25:41.294Z", "phone_number": "+254725496950", "email": null, "first_name": null, "last_name": null, "is_lme": false, "active": true, "staff": false, "admin": false}}, {"model": "accounts.user", "pk": 25, "fields": {"password": "pbkdf2_sha256$320000$y2NIQBXEhc8sUjqSNMdyHc$DaRHKvfPlhcJFG8b38bO4JrTKtcPVDwUsvdq9zYNT6o=", "last_login": "2022-11-02T14:15:36.014Z", "phone_number": "+254710905521", "email": null, "first_name": null, "last_name": null, "is_lme": false, "active": true, "staff": false, "admin": false}}, {"model": "accounts.user", "pk": 26, "fields": {"password": "pbkdf2_sha256$320000$4uJvNT0M0MERZAQPDhKlcC$2Pj+Cj2HElD46/Y7FutDTpGdEcQuBsWtJGx8GSJM3KM=", "last_login": "2022-11-03T07:26:54.424Z", "phone_number": "+254724487922", "email": null, "first_name": null, "last_name": null, "is_lme": false, "active": true, "staff": false, "admin": false}}, {"model": "accounts.user", "pk": 27, "fields": {"password": "pbkdf2_sha256$320000$xJvU5OLZ6jUmso3LAE7gw8$uR8zNo30c62jAmdQy+6IwIeQU1r+nod56B53zS9gW+8=", "last_login": "2023-02-21T11:57:18.555Z", "phone_number": "+254725461929", "email": null, "first_name": null, "last_name": null, "is_lme": true, "active": true, "staff": false, "admin": false}}, {"model": "accounts.user", "pk": 28, "fields": {"password": "pbkdf2_sha256$320000$qpbqqissnWxLmKdawUsEA0$nhejW0LdXHPu/q7uxyrV/ycjojv4o5E52loMkpJszUI=", "last_login": "2024-01-16T23:42:53.445Z", "phone_number": "+254797272200", "email": null, "first_name": null, "last_name": null, "is_lme": false, "active": true, "staff": false, "admin": false}}, {"model": "accounts.user", "pk": 29, "fields": {"password": "pbkdf2_sha256$320000$IKoLb3Gh1RdxdgOEW6sK25$qalGzj3VtvK/S5QyATFmpeQaKJSQXMfn6/DZ1842NmE=", "last_login": "2024-01-31T13:49:35.566Z", "phone_number": "+254114541723", "email": null, "first_name": null, "last_name": null, "is_lme": false, "active": true, "staff": false, "admin": false}}, {"model": "accounts.user", "pk": 30, "fields": {"password": "pbkdf2_sha256$320000$EvlADD5yvwK9ykyL9KL1yA$1hfLgk88pTrtR+7XLx8F/OctjxAT7MeNMFMbd+OW/4I=", "last_login": "2024-03-10T05:36:56.469Z", "phone_number": "+254716936008", "email": null, "first_name": null, "last_name": null, "is_lme": false, "active": true, "staff": false, "admin": false}}, {"model": "accounts.user", "pk": 31, "fields": {"password": "pbkdf2_sha256$320000$WOPrq7Kjk7flj0CcciEEeP$rM8QzJPf89gyx1EPLTb0jA3Z8E7P6YmfItxS/J/bN70=", "last_login": "2024-03-11T15:26:02.552Z", "phone_number": "+254757093858", "email": null, "first_name": null, "last_name": null, "is_lme": false, "active": true, "staff": false, "admin": false}}, {"model": "accounts.user", "pk": 32, "fields": {"password": "pbkdf2_sha256$320000$NTUzW8thrC7kPyMqToFUEG$/EAppn8t/Utkx1nY8Vdv69SEx/itxmFRdh57ECNGXHk=", "last_login": null, "phone_number": "+254722169753", "email": null, "first_name": null, "last_name": null, "is_lme": false, "active": true, "staff": false, "admin": false}}, {"model": "accounts.user", "pk": 33, "fields": {"password": "pbkdf2_sha256$320000$GTddHqwn7mg0WapjBM5OBy$cANPpYp/W3q5QKJKG+ijXwq0kIPzOZIdDmR+DR8wRc0=", "last_login": "2024-03-28T12:06:50.613Z", "phone_number": "+254759765239", "email": null, "first_name": null, "last_name": null, "is_lme": false, "active": true, "staff": false, "admin": false}}, {"model": "accounts.user", "pk": 34, "fields": {"password": "pbkdf2_sha256$320000$8444gXurzNMWUs3rSxAb9M$pnmBjW+rK7+5jcCPtIaouEzNsPH+ro9O9+/XJOq4Abk=", "last_login": null, "phone_number": "+254700496536", "email": null, "first_name": null, "last_name": null, "is_lme": false, "active": true, "staff": false, "admin": false}}, {"model": "accounts.user", "pk": 35, "fields": {"password": "pbkdf2_sha256$320000$lDkDLKkCJCE3EvorUp94uR$CozNweFvES7TMIovvghQ+O8axxsBFlkXiIkv59VIRJg=", "last_login": null, "phone_number": "+254723864796", "email": null, "first_name": null, "last_name": null, "is_lme": false, "active": true, "staff": false, "admin": false}}, {"model": "accounts.user", "pk": 36, "fields": {"password": "pbkdf2_sha256$320000$z9IGgqnpCCTFwTgfMLp8pK$ynd4hxSxga6ydB8d7HJVcCmS4PgbrKuI0W0dbiF20UY=", "last_login": "2024-04-10T11:05:45.392Z", "phone_number": "+254710127384", "email": null, "first_name": null, "last_name": null, "is_lme": false, "active": true, "staff": false, "admin": false}}, {"model": "accounts.user", "pk": 37, "fields": {"password": "pbkdf2_sha256$320000$mLDItMiHEdoKVc7dMOWFaU$QQtEV36XK6LysiX3TJPAzdRWyH/bOH/HXiW+Gxjp0fQ=", "last_login": "2024-04-11T09:14:22.457Z", "phone_number": "+254713221302", "email": null, "first_name": null, "last_name": null, "is_lme": false, "active": true, "staff": false, "admin": false}}, {"model": "accounts.user", "pk": 38, "fields": {"password": "pbkdf2_sha256$320000$Goq7OtfjwzOdOLFav3EjvX$v3eJq8xBVe9CfC81ZWaq5o/oj/B8YMSdpz2b1pEqbC4=", "last_login": "2024-04-23T12:22:08.719Z", "phone_number": "+254721454237", "email": null, "first_name": null, "last_name": null, "is_lme": false, "active": true, "staff": false, "admin": false}}, {"model": "accounts.user", "pk": 39, "fields": {"password": "pbkdf2_sha256$320000$C78hTTYEZhlOQMslWsJLYg$FVgCvLfjEaEHwOubdxJLrPiJeD3UF5xG50R2bJXK9rc=", "last_login": "2024-04-24T19:44:20.591Z", "phone_number": "+254706852236", "email": null, "first_name": null, "last_name": null, "is_lme": false, "active": true, "staff": false, "admin": false}}, {"model": "accounts.user", "pk": 40, "fields": {"password": "pbkdf2_sha256$320000$pdwmYAqrmmfoxwBLArFAts$HtdcdotWprBwfDZgK9cwbJ4RARdBThUZ7lJtVk7pPwU=", "last_login": "2024-05-06T21:41:29.154Z", "phone_number": "+254795099439", "email": null, "first_name": null, "last_name": null, "is_lme": false, "active": true, "staff": false, "admin": false}}, {"model": "accounts.user", "pk": 41, "fields": {"password": "pbkdf2_sha256$320000$HfWGIlLO10tvqH3RlRqLd9$GZEi+FtB8cltv8MZB9KmQqZxG52lOq8abcQhx7QxtRU=", "last_login": "2024-05-08T08:34:08.364Z", "phone_number": "+254733467611", "email": null, "first_name": null, "last_name": null, "is_lme": false, "active": true, "staff": false, "admin": false}}, {"model": "accounts.user", "pk": 42, "fields": {"password": "pbkdf2_sha256$320000$DH4VeTWwxsKN4ZcN54fhsx$A8bbVbAlZOzfTFHC329/WhnFn60Q/QdSpY88OG0LBro=", "last_login": "2024-05-28T11:43:45.240Z", "phone_number": "+254728533538", "email": null, "first_name": null, "last_name": null, "is_lme": false, "active": true, "staff": false, "admin": false}}, {"model": "accounts.user", "pk": 43, "fields": {"password": "pbkdf2_sha256$320000$3jiOwuhqyFrxH9QanC6zNg$hSR07GBC3+9e2VEBKRJQrCFHJubYZSjP0YZabV6smV4=", "last_login": null, "phone_number": "+254799102901", "email": null, "first_name": null, "last_name": null, "is_lme": false, "active": true, "staff": false, "admin": false}}, {"model": "accounts.user", "pk": 44, "fields": {"password": "pbkdf2_sha256$320000$1qGAbvXm2abOersZ6seFly$NTHw7ufL3ABJHmI49uBsWZYkDG/e5dbb472EjSo7whU=", "last_login": "2024-06-08T04:03:57.085Z", "phone_number": "+254722444896", "email": null, "first_name": null, "last_name": null, "is_lme": false, "active": true, "staff": false, "admin": false}}, {"model": "accounts.user", "pk": 45, "fields": {"password": "pbkdf2_sha256$320000$5dm0WaDoCCud07KzIMhfjI$GlAo3uusd0KGDWtdbU1kEkE9vQACojt+b7L6YCVVVJE=", "last_login": "2024-06-13T08:44:40.075Z", "phone_number": "+254721956167", "email": null, "first_name": null, "last_name": null, "is_lme": false, "active": true, "staff": false, "admin": false}}, {"model": "accounts.user", "pk": 46, "fields": {"password": "pbkdf2_sha256$320000$g3Coi2aTMVeVgMEkl1cBW2$tKeacGNZ9UGqC+SqJYdjXwSW2N6rdukbYWF0wYmW8Pg=", "last_login": "2024-06-21T14:26:08.047Z", "phone_number": "+254726413377", "email": null, "first_name": null, "last_name": null, "is_lme": false, "active": true, "staff": false, "admin": false}}, {"model": "accounts.user", "pk": 47, "fields": {"password": "pbkdf2_sha256$320000$zWl3xntwG2WTd7Hv1XSjB8$C1pe2z4ZE+N0D2tjVoM0lP+phxJYUECvAgQT2eb12Mc=", "last_login": "2024-07-07T15:40:16.654Z", "phone_number": "+254719825970", "email": null, "first_name": null, "last_name": null, "is_lme": false, "active": true, "staff": false, "admin": false}}, {"model": "environment.county", "pk": 1, "fields": {"county": "Kiambu"}}, {"model": "environment.county", "pk": 2, "fields": {"county": "Murang'a"}}, {"model": "environment.county", "pk": 3, "fields": {"county": "Nyeri"}}, {"model": "environment.county", "pk": 4, "fields": {"county": "Embu"}}, {"model": "environment.county", "pk": 5, "fields": {"county": "Kirinyaga"}}, {"model": "environment.county", "pk": 6, "fields": {"county": "Tharaka-Nithi"}}, {"model": "environment.county", "pk": 7, "fields": {"county": "Meru"}}, {"model": "environment.county", "pk": 8, "fields": {"county": "Bomet"}}, {"model": "environment.county", "pk": 9, "fields": {"county": "Kericho"}}, {"model": "environment.county", "pk": 10, "fields": {"county": "Nyamira"}}, {"model": "environment.county", "pk": 11, "fields": {"county": "Kisii"}}, {"model": "environment.county", "pk": 12, "fields": {"county": "Nandi"}}, {"model": "environment.county", "pk": 13, "fields": {"county": "Vihiga"}}, {"model": "environment.county", "pk": 14, "fields": {"county": "TransNzoia"}}, {"model": "environment.county", "pk": 15, "fields": {"county": "Muranga"}}, {"model": "environment.county", "pk": 16, "fields": {"county": "Tharaka Nithi"}}, {"model": "environment.county", "pk": 17, "fields": {"county": ""}}, {"model": "environment.subcounty", "pk": 1, "fields": {"county": 15, "sub_county": "Kangema"}}, {"model": "environment.subcounty", "pk": 2, "fields": {"county": 15, "sub_county": "Kiharu"}}, {"model": "environment.subcounty", "pk": 3, "fields": {"county": 1, "sub_county": "Lari"}}, {"model": "environment.subcounty", "pk": 4, "fields": {"county": 15, "sub_county": "Kandara"}}, {"model": "environment.subcounty", "pk": 5, "fields": {"county": 15, "sub_county": "Kigumo"}}, {"model": "environment.subcounty", "pk": 6, "fields": {"county": 5, "sub_county": ""}}, {"model": "environment.subcounty", "pk": 7, "fields": {"county": 4, "sub_county": "Kirinyaga East"}}, {"model": "environment.subcounty", "pk": 8, "fields": {"county": 16, "sub_county": "Maara"}}, {"model": "environment.subcounty", "pk": 9, "fields": {"county": 7, "sub_county": "Imenti South"}}, {"model": "environment.subcounty", "pk": 10, "fields": {"county": 7, "sub_county": "North Imenti"}}, {"model": "environment.subcounty", "pk": 11, "fields": {"county": 4, "sub_county": "Embu North"}}, {"model": "environment.subcounty", "pk": 12, "fields": {"county": 5, "sub_county": "Kirinyaga Central"}}, {"model": "environment.subcounty", "pk": 13, "fields": {"county": 1, "sub_county": "Gatundu South"}}, {"model": "environment.subcounty", "pk": 14, "fields": {"county": 1, "sub_county": "Gatundu North"}}, {"model": "environment.subcounty", "pk": 15, "fields": {"county": 9, "sub_county": "Ainamoi"}}, {"model": "environment.subcounty", "pk": 16, "fields": {"county": 13, "sub_county": "Hamisi"}}, {"model": "environment.subcounty", "pk": 17, "fields": {"county": 13, "sub_county": "Sabatia"}}, {"model": "environment.subcounty", "pk": 18, "fields": {"county": 11, "sub_county": "Bomachoge Borabu"}}, {"model": "environment.subcounty", "pk": 19, "fields": {"county": 8, "sub_county": "Kiptendet"}}, {"model": "environment.subcounty", "pk": 20, "fields": {"county": 10, "sub_county": "Masaba North"}}, {"model": "environment.ward", "pk": 1, "fields": {"sub_county": 1, "ward": "Kanyenyaini"}}, {"model": "environment.ward", "pk": 2, "fields": {"sub_county": 1, "ward": ""}}, {"model": "environment.ward", "pk": 3, "fields": {"sub_county": 2, "ward": "Wangu"}}, {"model": "environment.ward", "pk": 4, "fields": {"sub_county": 3, "ward": "Nyanduma"}}, {"model": "environment.ward", "pk": 5, "fields": {"sub_county": 3, "ward": "Kamburu"}}, {"model": "environment.ward", "pk": 6, "fields": {"sub_county": 4, "ward": "Githumu"}}, {"model": "environment.ward", "pk": 7, "fields": {"sub_county": 5, "ward": "Kangari"}}, {"model": "environment.ward", "pk": 8, "fields": {"sub_county": 7, "ward": "Ngariama"}}, {"model": "environment.ward", "pk": 9, "fields": {"sub_county": 8, "ward": "Muthambi"}}, {"model": "environment.ward", "pk": 10, "fields": {"sub_county": 9, "ward": "Igoji"}}, {"model": "environment.ward", "pk": 11, "fields": {"sub_county": 10, "ward": "Ntima West"}}, {"model": "environment.ward", "pk": 12, "fields": {"sub_county": 11, "ward": "Gaturi North"}}, {"model": "environment.ward", "pk": 13, "fields": {"sub_county": 12, "ward": "Mutira"}}, {"model": "environment.ward", "pk": 14, "fields": {"sub_county": 4, "ward": "Kariua"}}, {"model": "environment.ward", "pk": 15, "fields": {"sub_county": 13, "ward": "Ndarugo"}}, {"model": "environment.ward", "pk": 16, "fields": {"sub_county": 14, "ward": "Gituamba"}}, {"model": "environment.ward", "pk": 17, "fields": {"sub_county": 15, "ward": "Kipchimchim"}}, {"model": "environment.ward", "pk": 18, "fields": {"sub_county": 16, "ward": "Shaviringa"}}, {"model": "environment.ward", "pk": 19, "fields": {"sub_county": 17, "ward": "Busali"}}, {"model": "environment.ward", "pk": 20, "fields": {"sub_county": 17, "ward": "Sabatia West"}}, {"model": "environment.ward", "pk": 21, "fields": {"sub_county": 16, "ward": "Gisambai"}}, {"model": "environment.ward", "pk": 22, "fields": {"sub_county": 17, "ward": "Odanga"}}, {"model": "environment.ward", "pk": 23, "fields": {"sub_county": 18, "ward": "Bochuborabu"}}, {"model": "environment.ward", "pk": 24, "fields": {"sub_county": 19, "ward": "Embomos"}}, {"model": "environment.ward", "pk": 25, "fields": {"sub_county": 20, "ward": "Rigoma"}}, {"model": "environment.zone", "pk": 1, "fields": {"zone": "Zone 1"}}, {"model": "environment.zone", "pk": 2, "fields": {"zone": "Zone 2"}}, {"model": "environment.zone", "pk": 3, "fields": {"zone": "Zone 3"}}, {"model": "environment.zone", "pk": 4, "fields": {"zone": "Zone 4"}}, {"model": "environment.zone", "pk": 5, "fields": {"zone": "Zone 6"}}, {"model": "environment.zone", "pk": 6, "fields": {"zone": "Zone 5"}}, {"model": "environment.zone", "pk": 7, "fields": {"zone": "Zone 7"}}, {"model": "environment.zone", "pk": 8, "fields": {"zone": "Zone 8"}}, {"model": "environment.zone", "pk": 9, "fields": {"zone": "Zone 9"}}, {"model": "environment.zone", "pk": 10, "fields": {"zone": "Zone 10"}}, {"model": "environment.zone", "pk": 11, "fields": {"zone": "Zone 11"}}, {"model": "environment.zone", "pk": 12, "fields": {"zone": "Zone 12"}}, {"model": "environment.zone", "pk": 13, "fields": {"zone": "Zone 13"}}, {"model": "environment.zone", "pk": 14, "fields": {"zone": "Zone 14"}}, {"model": "environment.zone", "pk": 15, "fields": {"zone": "Zone 15"}}, {"model": "environment.zone", "pk": 16, "fields": {"zone": "Zone 16"}}, {"model": "environment.region", "pk": 1, "fields": {"region": "Region 1"}}, {"model": "environment.region", "pk": 2, "fields": {"region": "Region 2"}}, {"model": "environment.region", "pk": 3, "fields": {"region": "Region 3"}}, {"model": "environment.region", "pk": 4, "fields": {"region": "Region 4"}}, {"model": "environment.region", "pk": 5, "fields": {"region": "Region 5"}}, {"model": "environment.region", "pk": 6, "fields": {"region": "Region 6"}}, {"model": "environment.region", "pk": 7, "fields": {"region": "Region 7"}}, {"model": "environment.region", "pk": 8, "fields": {"region": "Region 8"}}, {"model": "environment.region", "pk": 9, "fields": {"region": "Region 9"}}, {"model": "environment.region", "pk": 10, "fields": {"region": "Region 10"}}, {"model": "environment.factory", "pk": 1, "fields": {"name": "Kambaa", "region": null, "zone": null, "county": null}}, {"model": "environment.factory", "pk": 2, "fields": {"name": "Kagwe", "region": null, "zone": null, "county": null}}, {"model": "environment.factory", "pk": 3, "fields": {"name": "Theta", "region": null, "zone": null, "county": null}}, {"model": "environment.factory", "pk": 4, "fields": {"name": "Ndaragu", "region": null, "zone": null, "county": null}}, {"model": "environment.factory", "pk": 5, "fields": {"name": "Gachege", "region": null, "zone": null, "county": null}}, {"model": "environment.factory", "pk": 6, "fields": {"name": "Mataara", "region": null, "zone": null, "county": null}}, {"model": "environment.factory", "pk": 7, "fields": {"name": "Ngere", "region": null, "zone": null, "county": null}}, {"model": "environment.factory", "pk": 8, "fields": {"name": "Njunu", "region": null, "zone": null, "county": null}}, {"model": "environment.factory", "pk": 9, "fields": {"name": "Nduti", "region": null, "zone": null, "county": null}}, {"model": "environment.factory", "pk": 10, "fields": {"name": "Makomboki", "region": null, "zone": null, "county": null}}, {"model": "environment.factory", "pk": 11, "fields": {"name": "Ikumbi", "region": null, "zone": null, "county": null}}, {"model": "environment.factory", "pk": 12, "fields": {"name": "Gacharage", "region": null, "zone": null, "county": null}}, {"model": "environment.factory", "pk": 13, "fields": {"name": "Githambo", "region": null, "zone": null, "county": null}}, {"model": "environment.factory", "pk": 14, "fields": {"name": "Kanyenyaini", "region": null, "zone": null, "county": null}}, {"model": "environment.factory", "pk": 15, "fields": {"name": "Gatunguru", "region": null, "zone": null, "county": null}}, {"model": "environment.factory", "pk": 16, "fields": {"name": "Kiru", "region": null, "zone": null, "county": null}}, {"model": "environment.factory", "pk": 17, "fields": {"name": "Chinga", "region": null, "zone": null, "county": null}}, {"model": "environment.factory", "pk": 18, "fields": {"name": "Iriaini", "region": null, "zone": null, "county": null}}, {"model": "environment.factory", "pk": 19, "fields": {"name": "Gitugi", "region": null, "zone": null, "county": null}}, {"model": "environment.factory", "pk": 20, "fields": {"name": "Gathuthi", "region": null, "zone": null, "county": null}}, {"model": "environment.factory", "pk": 21, "fields": {"name": "Ragati", "region": null, "zone": null, "county": null}}, {"model": "environment.factory", "pk": 22, "fields": {"name": "Kathangariri", "region": null, "zone": null, "county": null}}, {"model": "environment.factory", "pk": 23, "fields": {"name": "Mungania", "region": null, "zone": null, "county": null}}, {"model": "environment.factory", "pk": 24, "fields": {"name": "Rukuriri", "region": null, "zone": null, "county": null}}, {"model": "environment.factory", "pk": 25, "fields": {"name": "Ndima", "region": null, "zone": null, "county": null}}, {"model": "environment.factory", "pk": 26, "fields": {"name": "Mununga", "region": null, "zone": null, "county": null}}, {"model": "environment.factory", "pk": 27, "fields": {"name": "Kangaita", "region": null, "zone": null, "county": null}}, {"model": "environment.factory", "pk": 28, "fields": {"name": "Kimunye", "region": null, "zone": null, "county": null}}, {"model": "environment.factory", "pk": 29, "fields": {"name": "Thumaita", "region": null, "zone": null, "county": null}}, {"model": "environment.factory", "pk": 30, "fields": {"name": "Weru", "region": null, "zone": null, "county": null}}, {"model": "environment.factory", "pk": 31, "fields": {"name": "Kinoro", "region": null, "zone": null, "county": null}}, {"model": "environment.factory", "pk": 32, "fields": {"name": "Kionyo", "region": null, "zone": null, "county": null}}, {"model": "environment.factory", "pk": 33, "fields": {"name": "Imenti", "region": null, "zone": null, "county": null}}, {"model": "environment.factory", "pk": 34, "fields": {"name": "Githongo", "region": null, "zone": null, "county": null}}, {"model": "environment.factory", "pk": 35, "fields": {"name": "Michimikuru", "region": null, "zone": null, "county": null}}, {"model": "environment.factory", "pk": 36, "fields": {"name": "Kiegoi", "region": null, "zone": null, "county": null}}, {"model": "environment.factory", "pk": 37, "fields": {"name": "Igembe", "region": null, "zone": null, "county": null}}, {"model": "environment.factory", "pk": 38, "fields": {"name": "Mogogosiek", "region": null, "zone": null, "county": null}}, {"model": "environment.factory", "pk": 39, "fields": {"name": "Boito", "region": null, "zone": null, "county": null}}, {"model": "environment.factory", "pk": 40, "fields": {"name": "Kobel", "region": null, "zone": null, "county": null}}, {"model": "environment.factory", "pk": 41, "fields": {"name": "Tirgaga", "region": null, "zone": null, "county": null}}, {"model": "environment.factory", "pk": 42, "fields": {"name": "Rorok", "region": null, "zone": null, "county": null}}, {"model": "environment.factory", "pk": 43, "fields": {"name": "Motigo", "region": null, "zone": null, "county": null}}, {"model": "environment.factory", "pk": 44, "fields": {"name": "Olenguruone", "region": null, "zone": null, "county": null}}, {"model": "environment.factory", "pk": 45, "fields": {"name": "Kapkoros", "region": null, "zone": null, "county": null}}, {"model": "environment.factory", "pk": 46, "fields": {"name": "Kapset", "region": null, "zone": null, "county": null}}, {"model": "environment.factory", "pk": 47, "fields": {"name": "Toror", "region": null, "zone": null, "county": null}}, {"model": "environment.factory", "pk": 48, "fields": {"name": "Tegat", "region": null, "zone": null, "county": null}}, {"model": "environment.factory", "pk": 49, "fields": {"name": "Momul", "region": null, "zone": null, "county": null}}, {"model": "environment.factory", "pk": 50, "fields": {"name": "Chelal", "region": null, "zone": null, "county": null}}, {"model": "environment.factory", "pk": 51, "fields": {"name": "Litein", "region": null, "zone": null, "county": null}}, {"model": "environment.factory", "pk": 52, "fields": {"name": "Kapkatet", "region": null, "zone": null, "county": null}}, {"model": "environment.factory", "pk": 53, "fields": {"name": "Tebesonik", "region": null, "zone": null, "county": null}}, {"model": "environment.factory", "pk": 54, "fields": {"name": "Nyansiongo", "region": null, "zone": null, "county": null}}, {"model": "environment.factory", "pk": 55, "fields": {"name": "Nyankoba", "region": null, "zone": null, "county": null}}, {"model": "environment.factory", "pk": 56, "fields": {"name": "Tombe", "region": null, "zone": null, "county": null}}, {"model": "environment.factory", "pk": 57, "fields": {"name": "Sombogo", "region": null, "zone": null, "county": null}}, {"model": "environment.factory", "pk": 58, "fields": {"name": "Gianchore", "region": null, "zone": null, "county": null}}, {"model": "environment.factory", "pk": 59, "fields": {"name": "Kebirigo", "region": null, "zone": null, "county": null}}, {"model": "environment.factory", "pk": 60, "fields": {"name": "Sanganyi", "region": null, "zone": null, "county": null}}, {"model": "environment.factory", "pk": 61, "fields": {"name": "Eberege", "region": null, "zone": null, "county": null}}, {"model": "environment.factory", "pk": 62, "fields": {"name": "Ogembo", "region": null, "zone": null, "county": null}}, {"model": "environment.factory", "pk": 63, "fields": {"name": "Itumbe", "region": null, "zone": null, "county": null}}, {"model": "environment.factory", "pk": 64, "fields": {"name": "Nyamache", "region": null, "zone": null, "county": null}}, {"model": "environment.factory", "pk": 65, "fields": {"name": "Kiamokama", "region": null, "zone": null, "county": null}}, {"model": "environment.factory", "pk": 66, "fields": {"name": "Rianyamwamu", "region": null, "zone": null, "county": null}}, {"model": "environment.factory", "pk": 67, "fields": {"name": "Chebut", "region": null, "zone": null, "county": null}}, {"model": "environment.factory", "pk": 68, "fields": {"name": "Kaptumo", "region": null, "zone": null, "county": null}}, {"model": "environment.factory", "pk": 69, "fields": {"name": "Mudete", "region": null, "zone": null, "county": null}}, {"model": "environment.factory", "pk": 70, "fields": {"name": "Kapsara", "region": null, "zone": null, "county": null}}, {"model": "environment.factory", "pk": 71, "fields": {"name": "Kambaa", "region": null, "zone": null, "county": null}}, {"model": "environment.factory", "pk": 72, "fields": {"name": "Kagwe", "region": null, "zone": null, "county": null}}, {"model": "environment.factory", "pk": 73, "fields": {"name": "Theta", "region": null, "zone": null, "county": null}}, {"model": "environment.factory", "pk": 74, "fields": {"name": "Ndaragu", "region": null, "zone": null, "county": null}}, {"model": "environment.factory", "pk": 75, "fields": {"name": "Gachege", "region": null, "zone": null, "county": null}}, {"model": "environment.factory", "pk": 76, "fields": {"name": "Mataara", "region": null, "zone": null, "county": null}}, {"model": "environment.factory", "pk": 77, "fields": {"name": "Ngere", "region": null, "zone": null, "county": null}}, {"model": "environment.factory", "pk": 78, "fields": {"name": "Njunu", "region": null, "zone": null, "county": null}}, {"model": "environment.factory", "pk": 79, "fields": {"name": "Nduti", "region": null, "zone": null, "county": null}}, {"model": "environment.factory", "pk": 80, "fields": {"name": "Makomboki", "region": null, "zone": null, "county": null}}, {"model": "environment.factory", "pk": 81, "fields": {"name": "Ikumbi", "region": null, "zone": null, "county": null}}, {"model": "environment.factory", "pk": 82, "fields": {"name": "Gacharage", "region": null, "zone": null, "county": null}}, {"model": "environment.factory", "pk": 83, "fields": {"name": "Githambo", "region": null, "zone": null, "county": null}}, {"model": "environment.factory", "pk": 84, "fields": {"name": "Kanyenyaini", "region": null, "zone": null, "county": null}}, {"model": "environment.factory", "pk": 85, "fields": {"name": "Gatunguru", "region": null, "zone": null, "county": null}}, {"model": "environment.factory", "pk": 86, "fields": {"name": "Kiru", "region": null, "zone": null, "county": null}}, {"model": "environment.factory", "pk": 87, "fields": {"name": "Chinga", "region": null, "zone": null, "county": null}}, {"model": "environment.factory", "pk": 88, "fields": {"name": "Iriaini", "region": null, "zone": null, "county": null}}, {"model": "environment.factory", "pk": 89, "fields": {"name": "Gitugi", "region": null, "zone": null, "county": null}}, {"model": "environment.factory", "pk": 90, "fields": {"name": "Gathuthi", "region": null, "zone": null, "county": null}}, {"model": "environment.factory", "pk": 91, "fields": {"name": "Ragati", "region": null, "zone": null, "county": null}}, {"model": "environment.factory", "pk": 92, "fields": {"name": "Kathangariri", "region": null, "zone": null, "county": null}}, {"model": "environment.factory", "pk": 93, "fields": {"name": "Mungania", "region": null, "zone": null, "county": null}}, {"model": "environment.factory", "pk": 94, "fields": {"name": "Rukuriri", "region": null, "zone": null, "county": null}}, {"model": "environment.factory", "pk": 95, "fields": {"name": "Ndima", "region": null, "zone": null, "county": null}}, {"model": "environment.factory", "pk": 96, "fields": {"name": "Mununga", "region": null, "zone": null, "county": null}}, {"model": "environment.factory", "pk": 97, "fields": {"name": "Kangaita", "region": null, "zone": null, "county": null}}, {"model": "environment.factory", "pk": 98, "fields": {"name": "Kimunye", "region": null, "zone": null, "county": null}}, {"model": "environment.factory", "pk": 99, "fields": {"name": "Thumaita", "region": null, "zone": null, "county": null}}, {"model": "environment.factory", "pk": 100, "fields": {"name": "Weru", "region": null, "zone": null, "county": null}}, {"model": "environment.factory", "pk": 101, "fields": {"name": "Kinoro", "region": null, "zone": null, "county": null}}, {"model": "environment.factory", "pk": 102, "fields": {"name": "Kionyo", "region": null, "zone": null, "county": null}}, {"model": "environment.factory", "pk": 103, "fields": {"name": "Imenti", "region": null, "zone": null, "county": null}}, {"model": "environment.factory", "pk": 104, "fields": {"name": "Githongo", "region": null, "zone": null, "county": null}}, {"model": "environment.factory", "pk": 105, "fields": {"name": "Michimikuru", "region": null, "zone": null, "county": null}}, {"model": "environment.factory", "pk": 106, "fields": {"name": "Kiegoi", "region": null, "zone": null, "county": null}}, {"model": "environment.factory", "pk": 107, "fields": {"name": "Igembe", "region": null, "zone": null, "county": null}}, {"model": "environment.factory", "pk": 108, "fields": {"name": "Mogogosiek", "region": null, "zone": null, "county": null}}, {"model": "environment.factory", "pk": 109, "fields": {"name": "Boito", "region": null, "zone": null, "county": null}}, {"model": "environment.factory", "pk": 110, "fields": {"name": "Kobel", "region": null, "zone": null, "county": null}}, {"model": "environment.factory", "pk": 111, "fields": {"name": "Tirgaga", "region": null, "zone": null, "county": null}}, {"model": "environment.factory", "pk": 112, "fields": {"name": "Rorok", "region": null, "zone": null, "county": null}}, {"model": "environment.factory", "pk": 113, "fields": {"name": "Motigo", "region": null, "zone": null, "county": null}}, {"model": "environment.factory", "pk": 114, "fields": {"name": "Olenguruone", "region": null, "zone": null, "county": null}}, {"model": "environment.factory", "pk": 115, "fields": {"name": "Kapkoros", "region": null, "zone": null, "county": null}}, {"model": "environment.factory", "pk": 116, "fields": {"name": "Kapset", "region": null, "zone": null, "county": null}}, {"model": "environment.factory", "pk": 117, "fields": {"name": "Toror", "region": null, "zone": null, "county": null}}, {"model": "environment.factory", "pk": 118, "fields": {"name": "Tegat", "region": null, "zone": null, "county": null}}, {"model": "environment.factory", "pk": 119, "fields": {"name": "Momul", "region": null, "zone": null, "county": null}}, {"model": "environment.factory", "pk": 120, "fields": {"name": "Chelal", "region": null, "zone": null, "county": null}}, {"model": "environment.factory", "pk": 121, "fields": {"name": "Litein", "region": null, "zone": null, "county": null}}, {"model": "environment.factory", "pk": 122, "fields": {"name": "Kapkatet", "region": null, "zone": null, "county": null}}, {"model": "environment.factory", "pk": 123, "fields": {"name": "Tebesonik", "region": null, "zone": null, "county": null}}, {"model": "environment.factory", "pk": 124, "fields": {"name": "Nyansiongo", "region": null, "zone": null, "county": null}}, {"model": "environment.factory", "pk": 125, "fields": {"name": "Nyankoba", "region": null, "zone": null, "county": null}}, {"model": "environment.factory", "pk": 126, "fields": {"name": "Tombe", "region": null, "zone": null, "county": null}}, {"model": "environment.factory", "pk": 127, "fields": {"name": "Sombogo", "region": null, "zone": null, "county": null}}, {"model": "environment.factory", "pk": 128, "fields": {"name": "Gianchore", "region": null, "zone": null, "county": null}}, {"model": "environment.factory", "pk": 129, "fields": {"name": "Kebirigo", "region": null, "zone": null, "county": null}}, {"model": "environment.factory", "pk": 130, "fields": {"name": "Sanganyi", "region": null, "zone": null, "county": null}}, {"model": "environment.factory", "pk": 131, "fields": {"name": "Eberege", "region": null, "zone": null, "county": null}}, {"model": "environment.factory", "pk": 132, "fields": {"name": "Ogembo", "region": null, "zone": null, "county": null}}, {"model": "environment.factory", "pk": 133, "fields": {"name": "Itumbe", "region": null, "zone": null, "county": null}}, {"model": "environment.factory", "pk": 134, "fields": {"name": "Nyamache", "region": null, "zone": null, "county": null}}, {"model": "environment.factory", "pk": 135, "fields": {"name": "Kiamokama", "region": null, "zone": null, "county": null}}, {"model": "environment.factory", "pk": 136, "fields": {"name": "Rianyamwamu", "region": null, "zone": null, "county": null}}, {"model": "environment.factory", "pk": 137, "fields": {"name": "Chebut", "region": null, "zone": null, "county": null}}, {"model": "environment.factory", "pk": 138, "fields": {"name": "Kaptumo", "region": null, "zone": null, "county": null}}, {"model": "environment.factory", "pk": 139, "fields": {"name": "Mudete", "region": null, "zone": null, "county": null}}, {"model": "environment.factory", "pk": 140, "fields": {"name": "Kapsara", "region": null, "zone": null, "county": null}}, {"model": "environment.factory", "pk": 141, "fields": {"name": "Kambaa", "region": 1, "zone": 1, "county": 1}}, {"model": "environment.factory", "pk": 142, "fields": {"name": "Kagwe", "region": 1, "zone": 1, "county": 1}}, {"model": "environment.factory", "pk": 143, "fields": {"name": "Theta", "region": 1, "zone": 1, "county": 1}}, {"model": "environment.factory", "pk": 144, "fields": {"name": "Ndaragu", "region": 1, "zone": 1, "county": 1}}, {"model": "environment.factory", "pk": 145, "fields": {"name": "Gachege", "region": 1, "zone": 1, "county": 1}}, {"model": "environment.factory", "pk": 146, "fields": {"name": "Mataara", "region": 1, "zone": 1, "county": 1}}, {"model": "environment.factory", "pk": 147, "fields": {"name": "Ngere", "region": 1, "zone": 2, "county": 2}}, {"model": "environment.factory", "pk": 148, "fields": {"name": "Njunu", "region": 1, "zone": 2, "county": 2}}, {"model": "environment.factory", "pk": 149, "fields": {"name": "Nduti", "region": 1, "zone": 2, "county": 2}}, {"model": "environment.factory", "pk": 150, "fields": {"name": "Makomboki", "region": 1, "zone": 2, "county": 2}}, {"model": "environment.factory", "pk": 151, "fields": {"name": "Ikumbi", "region": 1, "zone": 2, "county": 2}}, {"model": "environment.factory", "pk": 152, "fields": {"name": "Gacharage", "region": 1, "zone": 2, "county": 2}}, {"model": "environment.factory", "pk": 153, "fields": {"name": "Githambo", "region": 2, "zone": 3, "county": 2}}, {"model": "environment.factory", "pk": 154, "fields": {"name": "Kanyenyaini", "region": 2, "zone": 3, "county": 2}}, {"model": "environment.factory", "pk": 155, "fields": {"name": "Gatunguru", "region": 2, "zone": 3, "county": 2}}, {"model": "environment.factory", "pk": 156, "fields": {"name": "Kiru", "region": 2, "zone": 3, "county": 2}}, {"model": "environment.factory", "pk": 157, "fields": {"name": "Chinga", "region": 2, "zone": 4, "county": 3}}, {"model": "environment.factory", "pk": 158, "fields": {"name": "Iriaini", "region": 2, "zone": 4, "county": 3}}, {"model": "environment.factory", "pk": 159, "fields": {"name": "Gitugi", "region": 2, "zone": 4, "county": 3}}, {"model": "environment.factory", "pk": 160, "fields": {"name": "Gathuthi", "region": 2, "zone": 4, "county": 3}}, {"model": "environment.factory", "pk": 161, "fields": {"name": "Ragati", "region": 2, "zone": 4, "county": 3}}, {"model": "environment.factory", "pk": 162, "fields": {"name": "Kathangariri", "region": 3, "zone": 5, "county": 4}}, {"model": "environment.factory", "pk": 163, "fields": {"name": "Mungania", "region": 3, "zone": 5, "county": 4}}, {"model": "environment.factory", "pk": 164, "fields": {"name": "Rukuriri", "region": 3, "zone": 5, "county": 4}}, {"model": "environment.factory", "pk": 165, "fields": {"name": "Ndima", "region": 3, "zone": 6, "county": 5}}, {"model": "environment.factory", "pk": 166, "fields": {"name": "Mununga", "region": 3, "zone": 6, "county": 5}}, {"model": "environment.factory", "pk": 167, "fields": {"name": "Kangaita", "region": 3, "zone": 6, "county": 5}}, {"model": "environment.factory", "pk": 168, "fields": {"name": "Kimunye", "region": 3, "zone": 6, "county": 5}}, {"model": "environment.factory", "pk": 169, "fields": {"name": "Thumaita", "region": 3, "zone": 6, "county": 5}}, {"model": "environment.factory", "pk": 170, "fields": {"name": "Weru", "region": 4, "zone": 7, "county": 6}}, {"model": "environment.factory", "pk": 171, "fields": {"name": "Kinoro", "region": 4, "zone": 7, "county": 7}}, {"model": "environment.factory", "pk": 172, "fields": {"name": "Kionyo", "region": 4, "zone": 7, "county": 7}}, {"model": "environment.factory", "pk": 173, "fields": {"name": "Imenti", "region": 4, "zone": 7, "county": 7}}, {"model": "environment.factory", "pk": 174, "fields": {"name": "Githongo", "region": 4, "zone": 7, "county": 7}}, {"model": "environment.factory", "pk": 175, "fields": {"name": "Michimikuru", "region": 4, "zone": 7, "county": 7}}, {"model": "environment.factory", "pk": 176, "fields": {"name": "Kiegoi", "region": 4, "zone": 7, "county": 7}}, {"model": "environment.factory", "pk": 177, "fields": {"name": "Igembe", "region": 4, "zone": 7, "county": 7}}, {"model": "environment.factory", "pk": 178, "fields": {"name": "Mogogosiek", "region": 5, "zone": 8, "county": 8}}, {"model": "environment.factory", "pk": 179, "fields": {"name": "Boito", "region": 5, "zone": 8, "county": 8}}, {"model": "environment.factory", "pk": 180, "fields": {"name": "Kobel", "region": 5, "zone": 8, "county": 8}}, {"model": "environment.factory", "pk": 181, "fields": {"name": "Tirgaga", "region": 5, "zone": 8, "county": 8}}, {"model": "environment.factory", "pk": 182, "fields": {"name": "Rorok", "region": 5, "zone": 8, "county": 8}}, {"model": "environment.factory", "pk": 183, "fields": {"name": "Motigo", "region": 5, "zone": 8, "county": 8}}, {"model": "environment.factory", "pk": 184, "fields": {"name": "Olenguruone", "region": 5, "zone": 8, "county": 8}}, {"model": "environment.factory", "pk": 185, "fields": {"name": "Kapkoros", "region": 5, "zone": 8, "county": 8}}, {"model": "environment.factory", "pk": 186, "fields": {"name": "Kapset", "region": 5, "zone": 9, "county": 9}}, {"model": "environment.factory", "pk": 187, "fields": {"name": "Toror", "region": 5, "zone": 9, "county": 9}}, {"model": "environment.factory", "pk": 188, "fields": {"name": "Tegat", "region": 5, "zone": 9, "county": 9}}, {"model": "environment.factory", "pk": 189, "fields": {"name": "Momul", "region": 5, "zone": 9, "county": 9}}, {"model": "environment.factory", "pk": 190, "fields": {"name": "Chelal", "region": 5, "zone": 9, "county": 9}}, {"model": "environment.factory", "pk": 191, "fields": {"name": "Litein", "region": 5, "zone": 9, "county": 9}}, {"model": "environment.factory", "pk": 192, "fields": {"name": "Kapkatet", "region": 5, "zone": 9, "county": 9}}, {"model": "environment.factory", "pk": 193, "fields": {"name": "Tebesonik", "region": 5, "zone": 9, "county": 9}}, {"model": "environment.factory", "pk": 194, "fields": {"name": "Nyansiongo", "region": 6, "zone": 10, "county": 10}}, {"model": "environment.factory", "pk": 195, "fields": {"name": "Nyankoba", "region": 6, "zone": 11, "county": 10}}, {"model": "environment.factory", "pk": 196, "fields": {"name": "Tombe", "region": 6, "zone": 12, "county": 10}}, {"model": "environment.factory", "pk": 197, "fields": {"name": "Sombogo", "region": 6, "zone": 13, "county": 10}}, {"model": "environment.factory", "pk": 198, "fields": {"name": "Gianchore", "region": 6, "zone": 14, "county": 10}}, {"model": "environment.factory", "pk": 199, "fields": {"name": "Kebirigo", "region": 6, "zone": 15, "county": 10}}, {"model": "environment.factory", "pk": 200, "fields": {"name": "Sanganyi", "region": 6, "zone": 16, "county": 10}}, {"model": "environment.factory", "pk": 201, "fields": {"name": "Eberege", "region": 6, "zone": 11, "county": 11}}, {"model": "environment.factory", "pk": 202, "fields": {"name": "Ogembo", "region": 6, "zone": 12, "county": 11}}, {"model": "environment.factory", "pk": 203, "fields": {"name": "Itumbe", "region": 6, "zone": 13, "county": 11}}, {"model": "environment.factory", "pk": 204, "fields": {"name": "Nyamache", "region": 6, "zone": 14, "county": 11}}, {"model": "environment.factory", "pk": 205, "fields": {"name": "Kiamokama", "region": 6, "zone": 15, "county": 11}}, {"model": "environment.factory", "pk": 206, "fields": {"name": "Rianyamwamu", "region": 6, "zone": 16, "county": 11}}, {"model": "environment.factory", "pk": 207, "fields": {"name": "Chebut", "region": 7, "zone": 12, "county": 12}}, {"model": "environment.factory", "pk": 208, "fields": {"name": "Kaptumo", "region": 8, "zone": 13, "county": 12}}, {"model": "environment.factory", "pk": 209, "fields": {"name": "Mudete", "region": 9, "zone": 14, "county": 13}}, {"model": "environment.factory", "pk": 210, "fields": {"name": "Kapsara", "region": 10, "zone": 15, "county": 14}}, {"model": "environment.factory", "pk": 211, "fields": {"name": "Kanyenyanini", "region": null, "zone": null, "county": 15}}, {"model": "environment.csvupload", "pk": 2, "fields": {"file": "factories/Factories_per_region_and_Zone.xlsx_-_Sheet1.csv", "date_uploaded": "2022-05-25T09:42:24.379Z", "is_lme_file": false, "is_factory_file": true}}, {"model": "environment.csvupload", "pk": 3, "fields": {"file": "factories/Factories_per_region_and_Zone.xlsx_-_Sheet1.csv", "date_uploaded": "2022-05-25T09:45:30.899Z", "is_lme_file": false, "is_factory_file": true}}, {"model": "environment.csvupload", "pk": 4, "fields": {"file": "factories/Factories_per_region_and_Zone.xlsx_-_Sheet1_cbgzFKH.csv", "date_uploaded": "2022-05-25T09:48:27.809Z", "is_lme_file": false, "is_factory_file": true}}, {"model": "environment.csvupload", "pk": 5, "fields": {"file": "factories/KTDA_F_LMEs_Database.xlsx_-_Sheet1.csv", "date_uploaded": "2022-05-25T09:52:42.341Z", "is_lme_file": true, "is_factory_file": false}}, {"model": "environment.csvupload", "pk": 6, "fields": {"file": "factories/Factories_per_region_and_Zone.xlsx_-_Sheet1_tUDHKy6.csv", "date_uploaded": "2022-05-25T09:54:09.507Z", "is_lme_file": false, "is_factory_file": true}}, {"model": "environment.csvupload", "pk": 7, "fields": {"file": "factories/Factories_per_region_and_Zone.xlsx_-_Sheet1_2FrELD4.csv", "date_uploaded": "2022-05-25T09:58:26.171Z", "is_lme_file": false, "is_factory_file": true}}, {"model": "environment.csvupload", "pk": 8, "fields": {"file": "factories/Factories_per_region_and_Zone.xlsx_-_Sheet1_wowdw4c.csv", "date_uploaded": "2022-05-25T10:05:41.789Z", "is_lme_file": false, "is_factory_file": true}}, {"model": "environment.csvupload", "pk": 11, "fields": {"file": "factories/Factories_per_region_and_Zone.xlsx_-_Sheet1_Jw0zVHg.csv", "date_uploaded": "2022-05-25T10:12:09.314Z", "is_lme_file": false, "is_factory_file": true}}, {"model": "environment.csvupload", "pk": 12, "fields": {"file": "factories/Factories_per_region_and_Zone.xlsx_-_Sheet1_mv90MYJ.csv", "date_uploaded": "2022-05-25T10:15:25.260Z", "is_lme_file": false, "is_factory_file": true}}, {"model": "environment.csvupload", "pk": 15, "fields": {"file": "factories/Factories_per_region_and_Zone.xlsx_-_Sheet1.csv", "date_uploaded": "2022-05-25T10:21:58.667Z", "is_lme_file": false, "is_factory_file": true}}, {"model": "environment.csvupload", "pk": 16, "fields": {"file": "factories/GCF_Partners_ICS_Distributors_Data_Collection_Tool_Q3_2022.xlsx", "date_uploaded": "2022-10-03T12:23:47.171Z", "is_lme_file": true, "is_factory_file": false}}, {"model": "environment.csvupload", "pk": 17, "fields": {"file": "factories/GCF_Partners_ICS_Distributors_Data_Collection_Tool_Q3_2022.csv", "date_uploaded": "2022-10-03T12:26:10.040Z", "is_lme_file": false, "is_factory_file": false}}, {"model": "environment.csvupload", "pk": 18, "fields": {"file": "factories/GCF_Partners_ICS_Distributors_Data_Collection_Tool_Q3_2022.csv", "date_uploaded": "2022-10-03T12:30:49.485Z", "is_lme_file": true, "is_factory_file": false}}, {"model": "environment.stove", "pk": 1, "fields": {"name": "KCJ"}}, {"model": "environment.stove", "pk": 2, "fields": {"name": "JIKO_KISASA"}}, {"model": "environment.stove", "pk": 3, "fields": {"name": "MULTIPURPOSE"}}, {"model": "environment.stove", "pk": 4, "fields": {"name": "LINERS"}}, {"model": "environment.stove", "pk": 5, "fields": {"name": "ROCKET"}}, {"model": "environment.stove", "pk": 6, "fields": {"name": "JIKO_KISASA"}}, {"model": "environment.stove", "pk": 7, "fields": {"name": "ROCKET"}}, {"model": "environment.stove", "pk": 8, "fields": {"name": "WISDOM_JIKO"}}, {"model": "environment.stove", "pk": 9, "fields": {"name": "JIKO_SMART"}}, {"model": "environment.lme", "pk": 1, "fields": {"owner": 10, "name": "Sam Energy Saving shop", "slug": "sam-energy-saving-shop", "factory": 211, "email": "", "no_of_employees": 2, "no_of_female_employees": 1, "no_of_male_employees": 1, "county": 15, "sub_county": 1, "ward": 1, "contact_person": "Samuel Kagombe", "age_group": null, "gender": null, "phone_number": "+254725986905", "retailer_or_installer": "", "date_created": "2022-05-25T10:48:44.023Z", "date_modified": "2022-06-07T17:21:10.706Z", "types_of_stove": []}}, {"model": "environment.lme", "pk": 2, "fields": {"owner": null, "name": "Henry Macharia", "slug": "henry-macharia", "factory": 211, "email": "", "no_of_employees": 1, "no_of_female_employees": 0, "no_of_male_employees": 1, "county": 15, "sub_county": 1, "ward": 2, "contact_person": "Henry Macharia", "age_group": null, "gender": null, "phone_number": "+254729464784", "retailer_or_installer": "", "date_created": "2022-05-25T10:48:44.030Z", "date_modified": "2022-06-07T17:21:10.647Z", "types_of_stove": []}}, {"model": "environment.lme", "pk": 3, "fields": {"owner": 27, "name": "Genesis Agrochem", "slug": "genesis-agrochem", "factory": 211, "email": "", "no_of_employees": 1, "no_of_female_employees": 1, "no_of_male_employees": 0, "county": 15, "sub_county": 2, "ward": 3, "contact_person": "Janet Wairimu", "age_group": null, "gender": null, "phone_number": "+254725461929", "retailer_or_installer": "", "date_created": "2022-05-25T10:48:44.034Z", "date_modified": "2023-02-21T11:56:20.030Z", "types_of_stove": []}}, {"model": "environment.lme", "pk": 4, "fields": {"owner": null, "name": "Mary Wairimu Karanja", "slug": "mary-wairimu-karanja", "factory": 142, "email": "", "no_of_employees": 0, "no_of_female_employees": 0, "no_of_male_employees": 0, "county": 1, "sub_county": 3, "ward": 4, "contact_person": "Mary Wairimu Karanja", "age_group": null, "gender": null, "phone_number": "+254729445688", "retailer_or_installer": "", "date_created": "2022-05-25T10:48:44.038Z", "date_modified": "2022-06-07T17:21:10.663Z", "types_of_stove": []}}, {"model": "environment.lme", "pk": 5, "fields": {"owner": null, "name": "James Mungai Waweru", "slug": "james-mungai-waweru", "factory": 142, "email": "", "no_of_employees": 1, "no_of_female_employees": 0, "no_of_male_employees": 1, "county": 1, "sub_county": 3, "ward": 5, "contact_person": "James Mungai Waweru", "age_group": null, "gender": null, "phone_number": "+254700032451", "retailer_or_installer": "", "date_created": "2022-05-25T10:48:44.047Z", "date_modified": "2022-06-07T17:21:10.665Z", "types_of_stove": []}}, {"model": "environment.lme", "pk": 6, "fields": {"owner": 15, "name": "Jecinta Wanjiru", "slug": "jecinta-wanjiru", "factory": 142, "email": "", "no_of_employees": 1, "no_of_female_employees": 1, "no_of_male_employees": 0, "county": 1, "sub_county": 3, "ward": 4, "contact_person": "Jecinta Wanjiru", "age_group": null, "gender": null, "phone_number": "+254713063066", "retailer_or_installer": "", "date_created": "2022-05-25T10:48:44.051Z", "date_modified": "2022-06-07T17:21:10.711Z", "types_of_stove": []}}, {"model": "environment.lme", "pk": 7, "fields": {"owner": null, "name": "Waviki Energy shop", "slug": "waviki-energy-shop", "factory": 149, "email": "", "no_of_employees": 1, "no_of_female_employees": 0, "no_of_male_employees": 1, "county": 15, "sub_county": 4, "ward": 6, "contact_person": "Muigai Kihara", "age_group": null, "gender": null, "phone_number": "+254722272784", "retailer_or_installer": "", "date_created": "2022-05-25T10:48:44.055Z", "date_modified": "2022-06-07T17:21:10.667Z", "types_of_stove": []}}, {"model": "environment.lme", "pk": 8, "fields": {"owner": null, "name": "Blessing shop", "slug": "blessing-shop", "factory": 151, "email": "", "no_of_employees": 2, "no_of_female_employees": 1, "no_of_male_employees": 1, "county": 15, "sub_county": 5, "ward": 7, "contact_person": "Onesmus Njoroge", "age_group": null, "gender": null, "phone_number": "+254721746012", "retailer_or_installer": "", "date_created": "2022-05-25T10:48:44.059Z", "date_modified": "2022-06-07T17:21:10.670Z", "types_of_stove": []}}, {"model": "environment.lme", "pk": 9, "fields": {"owner": null, "name": "Benard Githago Njoroge", "slug": "benard-githago-njoroge", "factory": 151, "email": "", "no_of_employees": 0, "no_of_female_employees": 0, "no_of_male_employees": 0, "county": 15, "sub_county": 5, "ward": 7, "contact_person": "Benard Githago Njoroge", "age_group": null, "gender": null, "phone_number": "+254727224230", "retailer_or_installer": "", "date_created": "2022-05-25T10:48:44.063Z", "date_modified": "2022-06-07T17:21:10.673Z", "types_of_stove": []}}, {"model": "environment.lme", "pk": 10, "fields": {"owner": 8, "name": "Pauline Murithi", "slug": "pauline-murithi", "factory": 168, "email": "", "no_of_employees": 0, "no_of_female_employees": 0, "no_of_male_employees": 0, "county": 5, "sub_county": 6, "ward": 2, "contact_person": "Pauline Murithi", "age_group": null, "gender": null, "phone_number": "+254114266017", "retailer_or_installer": "", "date_created": "2022-05-25T10:48:44.068Z", "date_modified": "2022-06-07T17:21:10.704Z", "types_of_stove": []}}, {"model": "environment.lme", "pk": 11, "fields": {"owner": null, "name": "Douglas Ireri Njagi", "slug": "douglas-ireri-njagi", "factory": 169, "email": "douglasnjagi471@gmail.com", "no_of_employees": 2, "no_of_female_employees": 1, "no_of_male_employees": 1, "county": 4, "sub_county": 7, "ward": 8, "contact_person": "Douglas Ireri Njagi", "age_group": null, "gender": null, "phone_number": "+254798339770", "retailer_or_installer": "", "date_created": "2022-05-25T10:48:44.072Z", "date_modified": "2022-06-07T17:21:10.675Z", "types_of_stove": []}}, {"model": "environment.lme", "pk": 12, "fields": {"owner": 7, "name": "Stelosy Jiko enterprises", "slug": "stelosy-jiko-enterprises", "factory": 170, "email": "", "no_of_employees": 7, "no_of_female_employees": 3, "no_of_male_employees": 4, "county": 16, "sub_county": 8, "ward": 9, "contact_person": "Bruce Kimathi", "age_group": null, "gender": null, "phone_number": "+254724158548", "retailer_or_installer": "", "date_created": "2022-05-25T10:48:44.076Z", "date_modified": "2022-06-07T17:21:10.703Z", "types_of_stove": []}}, {"model": "environment.lme", "pk": 13, "fields": {"owner": null, "name": "Paskwale Miriti", "slug": "paskwale-miriti", "factory": 171, "email": "", "no_of_employees": 1, "no_of_female_employees": 0, "no_of_male_employees": 1, "county": 7, "sub_county": 9, "ward": 10, "contact_person": "Paskwale Miriti", "age_group": null, "gender": null, "phone_number": "+254733321093", "retailer_or_installer": "", "date_created": "2022-05-25T10:48:44.080Z", "date_modified": "2022-06-07T17:21:10.678Z", "types_of_stove": []}}, {"model": "environment.lme", "pk": 14, "fields": {"owner": null, "name": "Anthony Muchai", "slug": "anthony-muchai", "factory": 172, "email": "", "no_of_employees": 2, "no_of_female_employees": 0, "no_of_male_employees": 2, "county": 7, "sub_county": 10, "ward": 11, "contact_person": "Anthony Muchai", "age_group": null, "gender": null, "phone_number": "+254728519268", "retailer_or_installer": "", "date_created": "2022-05-25T10:48:44.084Z", "date_modified": "2022-06-07T17:21:10.680Z", "types_of_stove": []}}, {"model": "environment.lme", "pk": 15, "fields": {"owner": 12, "name": "Lillian Karimi Ndwiga", "slug": "lillian-karimi-ndwiga", "factory": 163, "email": "", "no_of_employees": 0, "no_of_female_employees": 0, "no_of_male_employees": 0, "county": 4, "sub_county": 11, "ward": 12, "contact_person": "Lillian Karimi Ndwiga", "age_group": null, "gender": null, "phone_number": "+254724391701", "retailer_or_installer": "", "date_created": "2022-05-25T10:48:44.088Z", "date_modified": "2022-06-07T17:21:10.707Z", "types_of_stove": []}}, {"model": "environment.lme", "pk": 16, "fields": {"owner": 13, "name": "Hiram Munene", "slug": "hiram-munene", "factory": 167, "email": "", "no_of_employees": 3, "no_of_female_employees": 1, "no_of_male_employees": 2, "county": 5, "sub_county": 12, "ward": 13, "contact_person": "Hiram Munene", "age_group": null, "gender": null, "phone_number": "+254728263196", "retailer_or_installer": "", "date_created": "2022-05-25T10:48:44.093Z", "date_modified": "2022-06-07T17:21:10.709Z", "types_of_stove": []}}, {"model": "environment.lme", "pk": 17, "fields": {"owner": null, "name": "Burning Pot Enterprises", "slug": "burning-pot-enterprises", "factory": 152, "email": "", "no_of_employees": 4, "no_of_female_employees": 2, "no_of_male_employees": 2, "county": 2, "sub_county": 4, "ward": 14, "contact_person": "Laban Maina", "age_group": null, "gender": null, "phone_number": "+254723504653", "retailer_or_installer": "", "date_created": "2022-05-25T10:48:44.097Z", "date_modified": "2022-06-07T17:21:10.681Z", "types_of_stove": []}}, {"model": "environment.lme", "pk": 18, "fields": {"owner": null, "name": "George Kamau Kanyingi", "slug": "george-kamau-kanyingi", "factory": 143, "email": "", "no_of_employees": 1, "no_of_female_employees": 0, "no_of_male_employees": 1, "county": 1, "sub_county": 13, "ward": 15, "contact_person": "George Kamau Kanyingi", "age_group": null, "gender": null, "phone_number": "+254722731605", "retailer_or_installer": "", "date_created": "2022-05-25T10:48:44.102Z", "date_modified": "2022-06-07T17:21:10.682Z", "types_of_stove": []}}, {"model": "environment.lme", "pk": 19, "fields": {"owner": 14, "name": "Stephen Kahenia", "slug": "stephen-kahenia", "factory": 146, "email": "", "no_of_employees": 2, "no_of_female_employees": 1, "no_of_male_employees": 1, "county": 1, "sub_county": 14, "ward": 16, "contact_person": "Stephen Kahenia", "age_group": null, "gender": null, "phone_number": "+254714350465", "retailer_or_installer": "", "date_created": "2022-05-25T10:48:44.107Z", "date_modified": "2022-06-07T17:21:10.710Z", "types_of_stove": []}}, {"model": "environment.lme", "pk": 20, "fields": {"owner": null, "name": "Gladys Mariera", "slug": "gladys-mariera", "factory": 196, "email": "", "no_of_employees": 0, "no_of_female_employees": 0, "no_of_male_employees": 0, "county": 17, "sub_county": 6, "ward": 2, "contact_person": "Gladys Mariera", "age_group": null, "gender": null, "phone_number": "+2547250475009", "retailer_or_installer": "", "date_created": "2022-05-25T10:48:44.112Z", "date_modified": "2022-06-07T17:21:10.684Z", "types_of_stove": []}}, {"model": "environment.lme", "pk": 21, "fields": {"owner": null, "name": "Vivian Yegon", "slug": "vivian-yegon", "factory": 187, "email": "", "no_of_employees": 1, "no_of_female_employees": 1, "no_of_male_employees": 0, "county": 9, "sub_county": 15, "ward": 17, "contact_person": "Vivian Yegon", "age_group": null, "gender": null, "phone_number": "+254711359787", "retailer_or_installer": "", "date_created": "2022-05-25T10:48:44.117Z", "date_modified": "2022-06-07T17:21:10.686Z", "types_of_stove": []}}, {"model": "environment.lme", "pk": 22, "fields": {"owner": null, "name": "Lillan Soi", "slug": "lillan-soi", "factory": 188, "email": "", "no_of_employees": 0, "no_of_female_employees": 0, "no_of_male_employees": 0, "county": 17, "sub_county": 6, "ward": 2, "contact_person": "Lillan Soi", "age_group": null, "gender": null, "phone_number": "+254719473244", "retailer_or_installer": "", "date_created": "2022-05-25T10:48:44.123Z", "date_modified": "2022-06-07T17:21:10.688Z", "types_of_stove": []}}, {"model": "environment.lme", "pk": 23, "fields": {"owner": null, "name": "Patrick Ikutwa", "slug": "patrick-ikutwa", "factory": 209, "email": "", "no_of_employees": 1, "no_of_female_employees": 0, "no_of_male_employees": 1, "county": 13, "sub_county": 16, "ward": 18, "contact_person": "Patrick Ikutwa", "age_group": null, "gender": null, "phone_number": "+254796125585", "retailer_or_installer": "", "date_created": "2022-05-25T10:48:44.129Z", "date_modified": "2022-06-07T17:21:10.689Z", "types_of_stove": []}}, {"model": "environment.lme", "pk": 24, "fields": {"owner": null, "name": "Beatrice Kanaiza", "slug": "beatrice-kanaiza", "factory": 209, "email": "", "no_of_employees": 1, "no_of_female_employees": 1, "no_of_male_employees": 0, "county": 13, "sub_county": 17, "ward": 19, "contact_person": "Beatrice Kanaiza", "age_group": null, "gender": null, "phone_number": "+254746875013", "retailer_or_installer": "", "date_created": "2022-05-25T10:48:44.134Z", "date_modified": "2022-06-07T17:21:10.690Z", "types_of_stove": []}}, {"model": "environment.lme", "pk": 25, "fields": {"owner": null, "name": "Connie Mutesi", "slug": "connie-mutesi", "factory": 209, "email": "", "no_of_employees": 0, "no_of_female_employees": 0, "no_of_male_employees": 0, "county": 13, "sub_county": 6, "ward": 2, "contact_person": "Connie Mutesi", "age_group": null, "gender": null, "phone_number": "+254713704597", "retailer_or_installer": "", "date_created": "2022-05-25T10:48:44.139Z", "date_modified": "2022-06-07T17:21:10.692Z", "types_of_stove": []}}, {"model": "environment.lme", "pk": 26, "fields": {"owner": null, "name": "Mary Sandage", "slug": "mary-sandage", "factory": 209, "email": "", "no_of_employees": 1, "no_of_female_employees": 1, "no_of_male_employees": 0, "county": 13, "sub_county": 17, "ward": 20, "contact_person": "Mary Sandage", "age_group": null, "gender": null, "phone_number": "+254711572970", "retailer_or_installer": "", "date_created": "2022-05-25T10:48:44.146Z", "date_modified": "2022-06-07T17:21:10.693Z", "types_of_stove": []}}, {"model": "environment.lme", "pk": 27, "fields": {"owner": null, "name": "Mercy Musonye", "slug": "mercy-musonye", "factory": 209, "email": "", "no_of_employees": 1, "no_of_female_employees": 1, "no_of_male_employees": 0, "county": 13, "sub_county": 6, "ward": 2, "contact_person": "Mercy Musonye", "age_group": null, "gender": null, "phone_number": "+254719178478", "retailer_or_installer": "", "date_created": "2022-05-25T10:48:44.152Z", "date_modified": "2022-06-07T17:21:10.694Z", "types_of_stove": []}}, {"model": "environment.lme", "pk": 28, "fields": {"owner": null, "name": "Rose Kangalika", "slug": "rose-kangalika", "factory": 209, "email": "", "no_of_employees": 0, "no_of_female_employees": 0, "no_of_male_employees": 0, "county": 13, "sub_county": 16, "ward": 21, "contact_person": "Rose Kangalika", "age_group": null, "gender": null, "phone_number": "+254721531140", "retailer_or_installer": "", "date_created": "2022-05-25T10:48:44.157Z", "date_modified": "2022-06-07T17:21:10.696Z", "types_of_stove": []}}, {"model": "environment.lme", "pk": 29, "fields": {"owner": null, "name": "Mwalimu Provision Shop", "slug": "mwalimu-provision-shop", "factory": 209, "email": "", "no_of_employees": 1, "no_of_female_employees": 0, "no_of_male_employees": 1, "county": 13, "sub_county": 17, "ward": 22, "contact_person": "Benard Njumbo", "age_group": null, "gender": null, "phone_number": "+254720038201", "retailer_or_installer": "", "date_created": "2022-05-25T10:48:44.162Z", "date_modified": "2022-06-07T17:21:10.697Z", "types_of_stove": []}}, {"model": "environment.lme", "pk": 30, "fields": {"owner": null, "name": "Florence Mpapale", "slug": "florence-mpapale", "factory": 209, "email": "", "no_of_employees": 0, "no_of_female_employees": 0, "no_of_male_employees": 0, "county": 13, "sub_county": 6, "ward": 2, "contact_person": "Florence Mpapale", "age_group": null, "gender": null, "phone_number": "+254728355592", "retailer_or_installer": "", "date_created": "2022-05-25T10:48:44.167Z", "date_modified": "2022-06-07T17:21:10.698Z", "types_of_stove": []}}, {"model": "environment.lme", "pk": 31, "fields": {"owner": null, "name": "Bomama Energy", "slug": "bomama-energy", "factory": 204, "email": "", "no_of_employees": 10, "no_of_female_employees": 6, "no_of_male_employees": 4, "county": 11, "sub_county": 18, "ward": 23, "contact_person": "Gladys Nyabutora", "age_group": null, "gender": null, "phone_number": "+254701048900", "retailer_or_installer": "", "date_created": "2022-05-25T10:48:44.171Z", "date_modified": "2022-06-07T17:21:10.699Z", "types_of_stove": []}}, {"model": "environment.lme", "pk": 32, "fields": {"owner": null, "name": "Nelson Bett", "slug": "nelson-bett", "factory": 178, "email": "", "no_of_employees": 2, "no_of_female_employees": 0, "no_of_male_employees": 2, "county": 8, "sub_county": 19, "ward": 24, "contact_person": "Nelson Bett", "age_group": null, "gender": null, "phone_number": "+254728801111", "retailer_or_installer": "", "date_created": "2022-05-25T10:48:44.177Z", "date_modified": "2022-06-07T17:21:10.700Z", "types_of_stove": []}}, {"model": "environment.lme", "pk": 33, "fields": {"owner": null, "name": "Kennnedy Omaya", "slug": "kennnedy-omaya", "factory": 195, "email": "", "no_of_employees": 3, "no_of_female_employees": 1, "no_of_male_employees": 2, "county": 10, "sub_county": 20, "ward": 25, "contact_person": "Kennedy Omaya", "age_group": null, "gender": null, "phone_number": "+254725913265", "retailer_or_installer": "", "date_created": "2022-05-25T10:48:44.181Z", "date_modified": "2022-06-07T17:21:10.702Z", "types_of_stove": []}}, {"model": "environment.lme", "pk": 35, "fields": {"owner": null, "name": "Laban Maina", "slug": "laban-maina", "factory": 12, "email": null, "no_of_employees": 2, "no_of_female_employees": 1, "no_of_male_employees": 1, "county": null, "sub_county": null, "ward": null, "contact_person": "Laban Maina", "age_group": null, "gender": null, "phone_number": "+254723504653", "retailer_or_installer": "", "date_created": "2022-08-19T06:19:55.594Z", "date_modified": "2022-08-19T06:19:55.594Z", "types_of_stove": [1]}}, {"model": "environment.lme", "pk": 36, "fields": {"owner": null, "name": "Catherine Wanja Njiru", "slug": "catherine-wanja-njiru", "factory": 22, "email": null, "no_of_employees": 1, "no_of_female_employees": 1, "no_of_male_employees": 0, "county": 4, "sub_county": 11, "ward": 8, "contact_person": "Catherine Wanja", "age_group": "25-35", "gender": null, "phone_number": "+254114266017", "retailer_or_installer": "", "date_created": "2022-09-21T13:42:38.607Z", "date_modified": "2022-09-21T13:42:38.607Z", "types_of_stove": [6]}}, {"model": "environment.lme", "pk": 37, "fields": {"owner": null, "name": "Daniel Geke Abere", "slug": "daniel-geke-abere", "factory": 128, "email": null, "no_of_employees": 1, "no_of_female_employees": 0, "no_of_male_employees": 1, "county": 10, "sub_county": null, "ward": null, "contact_person": null, "age_group": null, "gender": null, "phone_number": "+254715370630", "retailer_or_installer": "", "date_created": "2023-02-08T08:55:22.978Z", "date_modified": "2023-02-08T08:55:22.978Z", "types_of_stove": [5]}}, {"model": "environment.lme", "pk": 38, "fields": {"owner": null, "name": "Jane Kagwiria", "slug": "jane-kagwiria", "factory": 35, "email": null, "no_of_employees": 0, "no_of_female_employees": 0, "no_of_male_employees": 0, "county": null, "sub_county": null, "ward": null, "contact_person": null, "age_group": null, "gender": null, "phone_number": "", "retailer_or_installer": "", "date_created": "2023-12-20T13:13:39.612Z", "date_modified": "2023-12-20T13:13:39.612Z", "types_of_stove": [1]}}, {"model": "environment.lme", "pk": 39, "fields": {"owner": null, "name": "Charity Rwamba", "slug": "charity-rwamba", "factory": 162, "email": null, "no_of_employees": 0, "no_of_female_employees": 0, "no_of_male_employees": 0, "county": null, "sub_county": null, "ward": null, "contact_person": null, "age_group": null, "gender": null, "phone_number": "", "retailer_or_installer": "", "date_created": "2024-01-08T06:07:17.103Z", "date_modified": "2024-01-08T06:07:17.103Z", "types_of_stove": [6]}}, {"model": "environment.lme", "pk": 40, "fields": {"owner": null, "name": "St Joseph's Kapkisiara WG", "slug": "st-josephs-kapkisiara-wg", "factory": 120, "email": null, "no_of_employees": 10, "no_of_female_employees": 6, "no_of_male_employees": 4, "county": null, "sub_county": null, "ward": null, "contact_person": "Paulina Bargas", "age_group": null, "gender": null, "phone_number": "+254723676830", "retailer_or_installer": "", "date_created": "2024-01-15T13:12:44.182Z", "date_modified": "2024-01-15T13:12:44.182Z", "types_of_stove": [1]}}, {"model": "environment.lme", "pk": 41, "fields": {"owner": null, "name": "Samson Oseko", "slug": "samson-oseko", "factory": 55, "email": null, "no_of_employees": 1, "no_of_female_employees": 0, "no_of_male_employees": 1, "county": 10, "sub_county": null, "ward": null, "contact_person": "Samson Oseko", "age_group": null, "gender": null, "phone_number": "+254757967919", "retailer_or_installer": "", "date_created": "2024-01-15T13:14:27.332Z", "date_modified": "2024-01-15T13:14:27.332Z", "types_of_stove": [1]}}, {"model": "environment.lme", "pk": 42, "fields": {"owner": null, "name": "Rebecca Bosibori", "slug": "rebecca-bosibori", "factory": 55, "email": null, "no_of_employees": 1, "no_of_female_employees": 1, "no_of_male_employees": 0, "county": 10, "sub_county": null, "ward": null, "contact_person": "Rebecca Bosibori", "age_group": null, "gender": null, "phone_number": "+254707753880", "retailer_or_installer": "", "date_created": "2024-01-15T13:15:45.681Z", "date_modified": "2024-01-15T13:15:45.681Z", "types_of_stove": [1]}}, {"model": "environment.lme", "pk": 43, "fields": {"owner": null, "name": "Juliana Kemei", "slug": "juliana-kemei", "factory": 47, "email": null, "no_of_employees": 1, "no_of_female_employees": 1, "no_of_male_employees": 0, "county": 9, "sub_county": null, "ward": null, "contact_person": "Juliana Kemei", "age_group": null, "gender": null, "phone_number": "+254729648058", "retailer_or_installer": "", "date_created": "2024-01-15T13:17:10.298Z", "date_modified": "2024-01-15T13:17:10.298Z", "types_of_stove": [1]}}, {"model": "environment.lme", "pk": 44, "fields": {"owner": null, "name": "Maendeleo Women's Group", "slug": "maendeleo-womens-group", "factory": 50, "email": null, "no_of_employees": 10, "no_of_female_employees": 10, "no_of_male_employees": 0, "county": null, "sub_county": null, "ward": null, "contact_person": "Dorcas Chemotich", "age_group": null, "gender": null, "phone_number": "+254704852913", "retailer_or_installer": "", "date_created": "2024-01-15T13:20:23.846Z", "date_modified": "2024-01-15T13:20:23.846Z", "types_of_stove": [2]}}, {"model": "environment.lme", "pk": 45, "fields": {"owner": null, "name": "Samson Ogega", "slug": "samson-ogega", "factory": 64, "email": null, "no_of_employees": 1, "no_of_female_employees": 0, "no_of_male_employees": 1, "county": 11, "sub_county": null, "ward": null, "contact_person": "Samson Ogega", "age_group": null, "gender": null, "phone_number": "+254713687490", "retailer_or_installer": "", "date_created": "2024-01-15T13:21:54.899Z", "date_modified": "2024-01-15T13:21:54.899Z", "types_of_stove": [2]}}, {"model": "environment.lme", "pk": 46, "fields": {"owner": null, "name": "Esther Langat", "slug": "esther-langat", "factory": 49, "email": null, "no_of_employees": 1, "no_of_female_employees": 1, "no_of_male_employees": 0, "county": 9, "sub_county": null, "ward": null, "contact_person": "Esther Langat", "age_group": null, "gender": null, "phone_number": "+254728260809", "retailer_or_installer": "", "date_created": "2024-01-15T13:22:59.866Z", "date_modified": "2024-01-15T13:22:59.866Z", "types_of_stove": [2]}}, {"model": "environment.lme", "pk": 47, "fields": {"owner": null, "name": "Benard Achoki", "slug": "benard-achoki", "factory": 58, "email": null, "no_of_employees": 1, "no_of_female_employees": 0, "no_of_male_employees": 1, "county": 10, "sub_county": null, "ward": null, "contact_person": "Benard Achoki", "age_group": null, "gender": null, "phone_number": "+254725478372", "retailer_or_installer": "", "date_created": "2024-01-15T13:24:20.292Z", "date_modified": "2024-01-15T13:24:20.292Z", "types_of_stove": [2]}}, {"model": "environment.lme", "pk": 48, "fields": {"owner": null, "name": "Jaspher Kenyaru", "slug": "jaspher-kenyaru", "factory": 58, "email": null, "no_of_employees": 1, "no_of_female_employees": 0, "no_of_male_employees": 1, "county": 10, "sub_county": null, "ward": null, "contact_person": "Jaspher Kenyaru", "age_group": null, "gender": null, "phone_number": "+254726828536", "retailer_or_installer": "", "date_created": "2024-01-15T13:27:46.582Z", "date_modified": "2024-01-15T13:27:46.582Z", "types_of_stove": [2]}}, {"model": "environment.lme", "pk": 49, "fields": {"owner": null, "name": "Samuel Mokua", "slug": "samuel-mokua", "factory": 58, "email": null, "no_of_employees": 1, "no_of_female_employees": 0, "no_of_male_employees": 1, "county": 10, "sub_county": null, "ward": null, "contact_person": "Samuel Mokua", "age_group": null, "gender": null, "phone_number": "+254714449733", "retailer_or_installer": "", "date_created": "2024-01-15T13:29:04.623Z", "date_modified": "2024-01-15T13:29:04.623Z", "types_of_stove": [2]}}, {"model": "environment.lme", "pk": 50, "fields": {"owner": null, "name": "Esther Maiyeka", "slug": "esther-maiyeka", "factory": 58, "email": null, "no_of_employees": 1, "no_of_female_employees": 1, "no_of_male_employees": 0, "county": 10, "sub_county": null, "ward": null, "contact_person": "Esther Maiyeka", "age_group": null, "gender": null, "phone_number": "+254726109881", "retailer_or_installer": "", "date_created": "2024-01-15T13:30:34.385Z", "date_modified": "2024-01-15T13:30:34.385Z", "types_of_stove": [2]}}, {"model": "environment.lme", "pk": 51, "fields": {"owner": null, "name": "Alfayo Gesara", "slug": "alfayo-gesara", "factory": 58, "email": null, "no_of_employees": 1, "no_of_female_employees": 0, "no_of_male_employees": 1, "county": 10, "sub_county": null, "ward": null, "contact_person": "Alfayo Gesara", "age_group": null, "gender": null, "phone_number": "+254727392780", "retailer_or_installer": "", "date_created": "2024-01-15T13:32:17.214Z", "date_modified": "2024-01-15T13:32:17.214Z", "types_of_stove": [2]}}, {"model": "environment.lme", "pk": 52, "fields": {"owner": null, "name": "Elizabeth Nyangega", "slug": "elizabeth-nyangega", "factory": 58, "email": null, "no_of_employees": 1, "no_of_female_employees": 1, "no_of_male_employees": 0, "county": 10, "sub_county": null, "ward": null, "contact_person": "Elizabeth Nyangega", "age_group": null, "gender": null, "phone_number": "+254715291825", "retailer_or_installer": "", "date_created": "2024-01-15T13:33:44.678Z", "date_modified": "2024-01-15T13:33:44.678Z", "types_of_stove": [2]}}, {"model": "environment.lme", "pk": 53, "fields": {"owner": null, "name": "Rose Nyambari", "slug": "rose-nyambari", "factory": 58, "email": null, "no_of_employees": 1, "no_of_female_employees": 1, "no_of_male_employees": 0, "county": 10, "sub_county": null, "ward": null, "contact_person": "Rose Nyambari", "age_group": null, "gender": null, "phone_number": "+254791182338", "retailer_or_installer": "", "date_created": "2024-01-15T13:34:52.196Z", "date_modified": "2024-01-15T13:34:52.196Z", "types_of_stove": [2]}}, {"model": "environment.lme", "pk": 54, "fields": {"owner": null, "name": "Everline Onchama", "slug": "everline-onchama", "factory": 58, "email": null, "no_of_employees": 1, "no_of_female_employees": 1, "no_of_male_employees": 0, "county": 10, "sub_county": null, "ward": null, "contact_person": "Everline Onchama", "age_group": null, "gender": null, "phone_number": "+254710340794", "retailer_or_installer": "", "date_created": "2024-01-15T13:36:09.430Z", "date_modified": "2024-01-15T13:36:09.430Z", "types_of_stove": [2]}}, {"model": "environment.lme", "pk": 55, "fields": {"owner": null, "name": "Jackline Mayancho", "slug": "jackline-mayancho", "factory": 58, "email": null, "no_of_employees": 1, "no_of_female_employees": 1, "no_of_male_employees": 0, "county": 10, "sub_county": null, "ward": null, "contact_person": "Jackline Mayancho", "age_group": null, "gender": null, "phone_number": "+254725124973", "retailer_or_installer": "", "date_created": "2024-01-15T13:38:20.948Z", "date_modified": "2024-01-15T13:38:20.948Z", "types_of_stove": [2]}}, {"model": "environment.lme", "pk": 56, "fields": {"owner": null, "name": "George Ondiso", "slug": "george-ondiso", "factory": 58, "email": null, "no_of_employees": 1, "no_of_female_employees": 0, "no_of_male_employees": 1, "county": 10, "sub_county": null, "ward": null, "contact_person": "George Ondiso", "age_group": null, "gender": null, "phone_number": "+254742978238", "retailer_or_installer": "", "date_created": "2024-01-15T13:39:17.000Z", "date_modified": "2024-01-15T13:39:17.000Z", "types_of_stove": [2]}}, {"model": "environment.lme", "pk": 57, "fields": {"owner": null, "name": "Lucas Obare", "slug": "lucas-obare", "factory": 60, "email": null, "no_of_employees": 1, "no_of_female_employees": 0, "no_of_male_employees": 1, "county": 10, "sub_county": null, "ward": null, "contact_person": "Lucas Obare", "age_group": null, "gender": null, "phone_number": "+254798917880", "retailer_or_installer": "", "date_created": "2024-01-15T13:41:03.407Z", "date_modified": "2024-01-15T13:41:03.407Z", "types_of_stove": [2]}}, {"model": "environment.lme", "pk": 58, "fields": {"owner": null, "name": "Joseph Mitema", "slug": "joseph-mitema", "factory": 60, "email": null, "no_of_employees": 1, "no_of_female_employees": 0, "no_of_male_employees": 1, "county": 10, "sub_county": null, "ward": null, "contact_person": "Joseph Mitema", "age_group": null, "gender": null, "phone_number": "+254727865705", "retailer_or_installer": "", "date_created": "2024-01-15T14:16:36.305Z", "date_modified": "2024-01-15T14:16:36.305Z", "types_of_stove": [2]}}, {"model": "environment.lme", "pk": 59, "fields": {"owner": null, "name": "Samuel Osomo", "slug": "samuel-osomo", "factory": 60, "email": null, "no_of_employees": 1, "no_of_female_employees": 0, "no_of_male_employees": 1, "county": 10, "sub_county": null, "ward": null, "contact_person": "Samuel Osomo", "age_group": null, "gender": null, "phone_number": "+254714825850", "retailer_or_installer": "", "date_created": "2024-01-15T14:17:36.816Z", "date_modified": "2024-01-15T14:17:36.816Z", "types_of_stove": [2]}}, {"model": "environment.lme", "pk": 60, "fields": {"owner": null, "name": "Hyline Nyang'au", "slug": "hyline-nyangau", "factory": 60, "email": null, "no_of_employees": 1, "no_of_female_employees": 1, "no_of_male_employees": 0, "county": 10, "sub_county": null, "ward": null, "contact_person": "Hyline Nyang'au", "age_group": null, "gender": null, "phone_number": "+254704644829", "retailer_or_installer": "", "date_created": "2024-01-15T14:19:35.655Z", "date_modified": "2024-01-15T14:19:35.655Z", "types_of_stove": [2]}}, {"model": "environment.lme", "pk": 61, "fields": {"owner": null, "name": "Lydiah Bundi", "slug": "lydiah-bundi", "factory": 60, "email": null, "no_of_employees": 1, "no_of_female_employees": 1, "no_of_male_employees": 0, "county": 10, "sub_county": null, "ward": null, "contact_person": "Lydiah Bundi", "age_group": null, "gender": null, "phone_number": "+254718174079", "retailer_or_installer": "", "date_created": "2024-01-15T14:20:27.683Z", "date_modified": "2024-01-15T14:20:27.683Z", "types_of_stove": [2]}}, {"model": "environment.lme", "pk": 62, "fields": {"owner": null, "name": "Dennis Opiyo", "slug": "dennis-opiyo", "factory": 60, "email": null, "no_of_employees": 1, "no_of_female_employees": 0, "no_of_male_employees": 1, "county": 10, "sub_county": null, "ward": null, "contact_person": "Dennis Opiyo", "age_group": null, "gender": null, "phone_number": "+254704103295", "retailer_or_installer": "", "date_created": "2024-01-15T14:21:12.886Z", "date_modified": "2024-01-15T14:21:12.886Z", "types_of_stove": [2]}}, {"model": "environment.lme", "pk": 63, "fields": {"owner": null, "name": "Daniel Abisi", "slug": "daniel-abisi", "factory": 60, "email": null, "no_of_employees": 1, "no_of_female_employees": 0, "no_of_male_employees": 1, "county": 10, "sub_county": null, "ward": null, "contact_person": "Daniel Abisi", "age_group": null, "gender": null, "phone_number": "+254717748006", "retailer_or_installer": "", "date_created": "2024-01-15T14:21:59.532Z", "date_modified": "2024-01-15T14:21:59.532Z", "types_of_stove": [2]}}, {"model": "environment.lme", "pk": 64, "fields": {"owner": null, "name": "Agnes Ogeto", "slug": "agnes-ogeto", "factory": 60, "email": null, "no_of_employees": 1, "no_of_female_employees": 1, "no_of_male_employees": 0, "county": 10, "sub_county": null, "ward": null, "contact_person": "Agnes Ogeto", "age_group": null, "gender": null, "phone_number": "+254719813083", "retailer_or_installer": "", "date_created": "2024-01-15T14:22:39.852Z", "date_modified": "2024-01-15T14:22:39.852Z", "types_of_stove": [2]}}, {"model": "environment.lme", "pk": 65, "fields": {"owner": null, "name": "Roseline Nyanaro", "slug": "roseline-nyanaro", "factory": 60, "email": null, "no_of_employees": 1, "no_of_female_employees": 1, "no_of_male_employees": 0, "county": 10, "sub_county": null, "ward": null, "contact_person": "Roseline Nyanaro", "age_group": null, "gender": null, "phone_number": "+254716231879", "retailer_or_installer": "", "date_created": "2024-01-15T14:23:35.311Z", "date_modified": "2024-01-15T14:23:35.311Z", "types_of_stove": [2]}}, {"model": "environment.lme", "pk": 66, "fields": {"owner": null, "name": "Patrick Nyaosi", "slug": "patrick-nyaosi", "factory": 60, "email": null, "no_of_employees": 1, "no_of_female_employees": 0, "no_of_male_employees": 1, "county": 10, "sub_county": null, "ward": null, "contact_person": "Patrick Nyaosi", "age_group": null, "gender": null, "phone_number": "+254716029030", "retailer_or_installer": "", "date_created": "2024-01-15T14:24:49.036Z", "date_modified": "2024-01-15T14:24:49.036Z", "types_of_stove": [2]}}, {"model": "environment.lme", "pk": 67, "fields": {"owner": null, "name": "Evans M. Otiso", "slug": "evans-m-otiso", "factory": 59, "email": null, "no_of_employees": 1, "no_of_female_employees": 0, "no_of_male_employees": 1, "county": 10, "sub_county": null, "ward": null, "contact_person": "Evans M. Otiso", "age_group": null, "gender": null, "phone_number": "+254701194680", "retailer_or_installer": "", "date_created": "2024-01-15T14:25:49.903Z", "date_modified": "2024-01-15T14:25:49.903Z", "types_of_stove": [2]}}, {"model": "environment.lme", "pk": 68, "fields": {"owner": null, "name": "Jones K. Nyandisi", "slug": "jones-k-nyandisi", "factory": 60, "email": null, "no_of_employees": 1, "no_of_female_employees": 0, "no_of_male_employees": 1, "county": 10, "sub_county": null, "ward": null, "contact_person": "Jones K. Nyandisi", "age_group": null, "gender": null, "phone_number": "+254722335302", "retailer_or_installer": "", "date_created": "2024-01-15T14:26:46.707Z", "date_modified": "2024-01-15T14:26:46.707Z", "types_of_stove": [2]}}, {"model": "environment.lme", "pk": 69, "fields": {"owner": null, "name": "Evans M. Nyanchieo", "slug": "evans-m-nyanchieo", "factory": 59, "email": null, "no_of_employees": 1, "no_of_female_employees": 0, "no_of_male_employees": 1, "county": null, "sub_county": null, "ward": null, "contact_person": "Evans M. Nyanchieo", "age_group": null, "gender": null, "phone_number": "+254717387900", "retailer_or_installer": "", "date_created": "2024-01-15T14:28:04.537Z", "date_modified": "2024-01-15T14:28:04.537Z", "types_of_stove": [2]}}, {"model": "environment.lme", "pk": 70, "fields": {"owner": null, "name": "Hyline K. Onyinkwa", "slug": "hyline-k-onyinkwa", "factory": 59, "email": null, "no_of_employees": 1, "no_of_female_employees": 1, "no_of_male_employees": 0, "county": 10, "sub_county": null, "ward": null, "contact_person": "Hyline K. Onyinkwa", "age_group": null, "gender": null, "phone_number": "+254711963039", "retailer_or_installer": "", "date_created": "2024-01-15T14:29:41.607Z", "date_modified": "2024-01-15T14:29:41.607Z", "types_of_stove": [2]}}, {"model": "environment.lme", "pk": 71, "fields": {"owner": null, "name": "Sarah Mogaka", "slug": "sarah-mogaka", "factory": 59, "email": null, "no_of_employees": 1, "no_of_female_employees": 1, "no_of_male_employees": 0, "county": 10, "sub_county": null, "ward": null, "contact_person": "Sarah Mogaka", "age_group": null, "gender": null, "phone_number": "+254728084897", "retailer_or_installer": "", "date_created": "2024-01-15T14:30:35.698Z", "date_modified": "2024-01-15T14:30:35.698Z", "types_of_stove": [2]}}, {"model": "environment.lme", "pk": 72, "fields": {"owner": null, "name": "Lamek Nyaosi", "slug": "lamek-nyaosi", "factory": 59, "email": null, "no_of_employees": 1, "no_of_female_employees": 0, "no_of_male_employees": 1, "county": 10, "sub_county": null, "ward": null, "contact_person": "Lamek Nyaosi", "age_group": null, "gender": null, "phone_number": "+254790846616", "retailer_or_installer": "", "date_created": "2024-01-15T14:31:27.304Z", "date_modified": "2024-01-15T14:31:27.304Z", "types_of_stove": [2]}}, {"model": "environment.lme", "pk": 73, "fields": {"owner": null, "name": "Simon Obanyi", "slug": "simon-obanyi", "factory": 59, "email": null, "no_of_employees": 1, "no_of_female_employees": 0, "no_of_male_employees": 1, "county": 10, "sub_county": null, "ward": null, "contact_person": "Simon Obanyi", "age_group": null, "gender": null, "phone_number": "+254727705077", "retailer_or_installer": "", "date_created": "2024-01-15T14:32:38.284Z", "date_modified": "2024-01-15T14:32:38.284Z", "types_of_stove": [2]}}, {"model": "environment.lme", "pk": 74, "fields": {"owner": null, "name": "Rosemary Nyabochoa", "slug": "rosemary-nyabochoa", "factory": 59, "email": null, "no_of_employees": 1, "no_of_female_employees": 1, "no_of_male_employees": 0, "county": 10, "sub_county": null, "ward": null, "contact_person": "Rosemary Nyabochoa", "age_group": null, "gender": null, "phone_number": "+254705494867", "retailer_or_installer": "", "date_created": "2024-01-15T14:34:10.324Z", "date_modified": "2024-01-15T14:34:10.324Z", "types_of_stove": [2]}}, {"model": "environment.lme", "pk": 75, "fields": {"owner": null, "name": "Ruth K. Moturi", "slug": "ruth-k-moturi", "factory": 59, "email": null, "no_of_employees": 1, "no_of_female_employees": 1, "no_of_male_employees": 0, "county": 10, "sub_county": null, "ward": null, "contact_person": "Ruth K. Moturi", "age_group": null, "gender": null, "phone_number": "+254702887416", "retailer_or_installer": "", "date_created": "2024-01-15T14:34:57.965Z", "date_modified": "2024-01-15T14:34:57.965Z", "types_of_stove": [2]}}, {"model": "environment.lme", "pk": 76, "fields": {"owner": null, "name": "Diviniah M. Marita", "slug": "diviniah-m-marita", "factory": 59, "email": null, "no_of_employees": 1, "no_of_female_employees": 1, "no_of_male_employees": 0, "county": 10, "sub_county": null, "ward": null, "contact_person": "Diviniah M. Marita", "age_group": null, "gender": null, "phone_number": "+254789211526", "retailer_or_installer": "", "date_created": "2024-01-15T14:36:25.719Z", "date_modified": "2024-01-15T14:36:25.719Z", "types_of_stove": [2]}}, {"model": "environment.lme", "pk": 77, "fields": {"owner": null, "name": "Evaline Mageto", "slug": "evaline-mageto", "factory": 64, "email": null, "no_of_employees": 1, "no_of_female_employees": 1, "no_of_male_employees": 0, "county": 11, "sub_county": null, "ward": null, "contact_person": "Evaline Mageto", "age_group": null, "gender": null, "phone_number": "+254703222284", "retailer_or_installer": "", "date_created": "2024-01-15T14:37:32.576Z", "date_modified": "2024-01-15T14:37:32.576Z", "types_of_stove": [2]}}, {"model": "environment.lme", "pk": 78, "fields": {"owner": null, "name": "Thomas Mogocho", "slug": "thomas-mogocho", "factory": 134, "email": null, "no_of_employees": 1, "no_of_female_employees": 0, "no_of_male_employees": 1, "county": 11, "sub_county": null, "ward": null, "contact_person": "Thomas Mogocho", "age_group": null, "gender": null, "phone_number": "+254727792679", "retailer_or_installer": "", "date_created": "2024-01-15T14:38:36.049Z", "date_modified": "2024-01-15T14:38:36.049Z", "types_of_stove": [2]}}, {"model": "environment.lme", "pk": 79, "fields": {"owner": null, "name": "James Misiati", "slug": "james-misiati", "factory": 59, "email": null, "no_of_employees": 1, "no_of_female_employees": 0, "no_of_male_employees": 1, "county": 11, "sub_county": null, "ward": null, "contact_person": "James Misiati", "age_group": null, "gender": null, "phone_number": "+254733469932", "retailer_or_installer": "", "date_created": "2024-01-15T14:41:07.063Z", "date_modified": "2024-01-15T14:41:07.063Z", "types_of_stove": [2]}}, {"model": "environment.lme", "pk": 80, "fields": {"owner": null, "name": "Jane Kwamboka", "slug": "jane-kwamboka", "factory": 64, "email": null, "no_of_employees": 1, "no_of_female_employees": 1, "no_of_male_employees": 0, "county": 11, "sub_county": null, "ward": null, "contact_person": "Jane Kwamboka", "age_group": null, "gender": null, "phone_number": "+254713795264", "retailer_or_installer": "", "date_created": "2024-01-15T14:42:22.786Z", "date_modified": "2024-01-15T14:42:22.786Z", "types_of_stove": [2]}}, {"model": "environment.lme", "pk": 81, "fields": {"owner": null, "name": "Immanuel Nyang'au", "slug": "immanuel-nyangau", "factory": 64, "email": null, "no_of_employees": 1, "no_of_female_employees": 0, "no_of_male_employees": 1, "county": 11, "sub_county": null, "ward": null, "contact_person": "Immanuel Nyang'au", "age_group": null, "gender": null, "phone_number": "+254724229325", "retailer_or_installer": "", "date_created": "2024-01-15T14:43:11.528Z", "date_modified": "2024-01-15T14:43:11.528Z", "types_of_stove": [2]}}, {"model": "environment.lme", "pk": 82, "fields": {"owner": null, "name": "Alfred Omwange", "slug": "alfred-omwange", "factory": 64, "email": null, "no_of_employees": 1, "no_of_female_employees": 0, "no_of_male_employees": 1, "county": 11, "sub_county": null, "ward": null, "contact_person": "Alfred Omwange", "age_group": null, "gender": null, "phone_number": "+254791394973", "retailer_or_installer": "", "date_created": "2024-01-15T14:44:07.741Z", "date_modified": "2024-01-15T14:44:07.741Z", "types_of_stove": [2]}}, {"model": "environment.lme", "pk": 83, "fields": {"owner": null, "name": "Egrah K. Anunda", "slug": "egrah-k-anunda", "factory": 64, "email": null, "no_of_employees": 1, "no_of_female_employees": 1, "no_of_male_employees": 0, "county": 11, "sub_county": null, "ward": null, "contact_person": "Egrah K. Anunda", "age_group": null, "gender": null, "phone_number": "+254796510333", "retailer_or_installer": "", "date_created": "2024-01-15T14:44:59.422Z", "date_modified": "2024-01-15T14:44:59.422Z", "types_of_stove": [2]}}, {"model": "environment.lme", "pk": 84, "fields": {"owner": null, "name": "Jackline Mokomba", "slug": "jackline-mokomba", "factory": 64, "email": null, "no_of_employees": 1, "no_of_female_employees": 1, "no_of_male_employees": 0, "county": 11, "sub_county": null, "ward": null, "contact_person": "Jackline Mokomba", "age_group": null, "gender": null, "phone_number": "+254724262806", "retailer_or_installer": "", "date_created": "2024-01-15T14:47:48.745Z", "date_modified": "2024-01-15T14:47:48.745Z", "types_of_stove": [2]}}, {"model": "environment.lme", "pk": 85, "fields": {"owner": null, "name": "Zipporah Gesaka", "slug": "zipporah-gesaka", "factory": 64, "email": null, "no_of_employees": 1, "no_of_female_employees": 1, "no_of_male_employees": 0, "county": 11, "sub_county": null, "ward": null, "contact_person": "Zipporah Gesaka", "age_group": null, "gender": null, "phone_number": "+254701710501", "retailer_or_installer": "", "date_created": "2024-01-15T14:48:39.267Z", "date_modified": "2024-01-15T14:48:39.267Z", "types_of_stove": [2]}}, {"model": "environment.lme", "pk": 86, "fields": {"owner": null, "name": "Bethsheba Osiemo", "slug": "bethsheba-osiemo", "factory": 64, "email": null, "no_of_employees": 1, "no_of_female_employees": 1, "no_of_male_employees": 0, "county": 11, "sub_county": null, "ward": null, "contact_person": null, "age_group": null, "gender": null, "phone_number": "+254729503624", "retailer_or_installer": "", "date_created": "2024-01-15T14:55:10.690Z", "date_modified": "2024-01-15T14:55:10.690Z", "types_of_stove": [2]}}, {"model": "environment.lme", "pk": 87, "fields": {"owner": null, "name": "Nelson Nyabuto", "slug": "nelson-nyabuto", "factory": 64, "email": null, "no_of_employees": 1, "no_of_female_employees": 0, "no_of_male_employees": 1, "county": 11, "sub_county": null, "ward": null, "contact_person": "Nelson Nyabuto", "age_group": null, "gender": null, "phone_number": "+254712985532", "retailer_or_installer": "", "date_created": "2024-01-15T14:55:59.383Z", "date_modified": "2024-01-15T14:55:59.383Z", "types_of_stove": [2]}}, {"model": "environment.lme", "pk": 88, "fields": {"owner": null, "name": "Evans Okworo", "slug": "evans-okworo", "factory": 64, "email": null, "no_of_employees": 1, "no_of_female_employees": 0, "no_of_male_employees": 1, "county": 11, "sub_county": null, "ward": null, "contact_person": "Evan Okworo", "age_group": null, "gender": null, "phone_number": "+254717486896", "retailer_or_installer": "", "date_created": "2024-01-15T14:56:56.940Z", "date_modified": "2024-01-15T14:56:56.940Z", "types_of_stove": [2]}}, {"model": "environment.lme", "pk": 89, "fields": {"owner": null, "name": "Abel Nyaribo", "slug": "abel-nyaribo", "factory": 64, "email": null, "no_of_employees": 1, "no_of_female_employees": 0, "no_of_male_employees": 1, "county": 11, "sub_county": null, "ward": null, "contact_person": "Abel Nyarobo", "age_group": null, "gender": null, "phone_number": "+254710304381", "retailer_or_installer": "", "date_created": "2024-01-15T14:57:58.815Z", "date_modified": "2024-01-15T14:57:58.815Z", "types_of_stove": [2]}}, {"model": "environment.coachingandmentorship", "pk": 1, "fields": {"lme": 2, "date": "2022-08-18", "topic_covered": "Record Keeping", "remarks_by_mentor": "Scanty records kept on sales\r\nRevisited the  templates of records that he needs to keep for his business", "action_points": "1. Using the agreed  templates, keep sales records for  review in the next meeting \r\n2. To improve sales, organize a market activation event \r\n3. The project to facilitate the market activation event", "next_meeting_date": "2022-09-20"}}, {"model": "environment.coachingandmentorship", "pk": 2, "fields": {"lme": 7, "date": "2022-08-18", "topic_covered": "Record Keeping", "remarks_by_mentor": "No records kept\r\nreviewed the record keeping templates", "action_points": "1. Start keeping records", "next_meeting_date": "2022-09-22"}}, {"model": "environment.training", "pk": 4, "fields": {"course_name": "Induction, Business Developement and Empowerment Training", "factory": 23, "venue": "Isaak Walton Hotel Embu", "start_date": "2022-05-23", "end_date": "2022-05-27", "number_of_attendees": 19, "number_of_female_attendees": 4, "number_of_male_attendees": 15, "number_below_20": 0, "number_20_29": 0, "number_30_39": 0, "number_40_49": 0, "number_50_59": 0, "number_60_69": 0, "number_70_79": 0, "number_80_above": 0, "lme_attendees": [1, 2, 5, 6, 7, 9, 10, 11, 12, 13, 14, 15, 16, 17, 19]}}, {"model": "environment.training", "pk": 5, "fields": {"course_name": "Induction, Business Developement and Empowerment Training", "factory": 122, "venue": "Sunshine Hotel Kericho", "start_date": "2022-06-06", "end_date": "2022-06-10", "number_of_attendees": 15, "number_of_female_attendees": 9, "number_of_male_attendees": 6, "number_below_20": 0, "number_20_29": 0, "number_30_39": 0, "number_40_49": 0, "number_50_59": 0, "number_60_69": 0, "number_70_79": 0, "number_80_above": 0, "lme_attendees": [32, 33, 20, 21, 22, 23, 24, 25, 26, 27, 28, 29, 30, 31]}}, {"model": "environment.lmesales", "pk": 1, "fields": {"lme": 1, "customer_name": "Carolyn mwangi", "customer_phone_number": "0721498679", "stove": 4, "stove_price": "1000.00", "date_of_purchase": "2022-06-03"}}, {"model": "environment.lmesales", "pk": 2, "fields": {"lme": 3, "customer_name": "Alice Kyalo", "customer_phone_number": "0720848330", "stove": 4, "stove_price": "2500.00", "date_of_purchase": "2022-06-15"}}, {"model": "environment.lmesales", "pk": 3, "fields": {"lme": 6, "customer_name": "Esther muthoni", "customer_phone_number": "0746463420", "stove": 4, "stove_price": "500.00", "date_of_purchase": "2022-06-28"}}, {"model": "environment.lmesales", "pk": 4, "fields": {"lme": 6, "customer_name": "Teresiah wanjiru", "customer_phone_number": "0723168169", "stove": 4, "stove_price": "500.00", "date_of_purchase": "2022-06-28"}}, {"model": "environment.lmesales", "pk": 5, "fields": {"lme": 6, "customer_name": "Lucy waithera", "customer_phone_number": "0728799552", "stove": 4, "stove_price": "500.00", "date_of_purchase": "2022-06-28"}}, {"model": "environment.lmesales", "pk": 6, "fields": {"lme": 6, "customer_name": "Beatrice narikah", "customer_phone_number": "0786322496", "stove": 4, "stove_price": "500.00", "date_of_purchase": "2022-06-28"}}, {"model": "environment.lmesales", "pk": 7, "fields": {"lme": 6, "customer_name": "Moni ah wambui", "customer_phone_number": "0725735925", "stove": 4, "stove_price": "500.00", "date_of_purchase": "2022-06-28"}}, {"model": "environment.lmesales", "pk": 8, "fields": {"lme": 6, "customer_name": "Particah wanjiku", "customer_phone_number": "0729573168", "stove": 4, "stove_price": "500.00", "date_of_purchase": "2022-06-28"}}, {"model": "environment.lmesales", "pk": 9, "fields": {"lme": 6, "customer_name": "winnie Njeri", "customer_phone_number": "0710962689", "stove": 4, "stove_price": "500.00", "date_of_purchase": "2022-06-28"}}, {"model": "environment.lmesales", "pk": 10, "fields": {"lme": 3, "customer_name": "Deborah wangari", "customer_phone_number": "0725809971", "stove": 4, "stove_price": "350.00", "date_of_purchase": "2022-07-08"}}, {"model": "environment.lmesales", "pk": 11, "fields": {"lme": 9, "customer_name": "Kiamanji", "customer_phone_number": "0789117245", "stove": 4, "stove_price": "400.00", "date_of_purchase": "2022-07-06"}}, {"model": "environment.lmesales", "pk": 12, "fields": {"lme": 9, "customer_name": "Mary Njoki", "customer_phone_number": "0790732408", "stove": 2, "stove_price": "4000.00", "date_of_purchase": "2022-07-17"}}, {"model": "environment.lmesales", "pk": 13, "fields": {"lme": 35, "customer_name": "Mary Wanjiku", "customer_phone_number": "0713640088", "stove": 3, "stove_price": "1500.00", "date_of_purchase": "2022-08-18"}}, {"model": "environment.lmesales", "pk": 14, "fields": {"lme": 35, "customer_name": "Teresiah Nyambura", "customer_phone_number": "0731141907", "stove": 3, "stove_price": "1500.00", "date_of_purchase": "2022-08-18"}}, {"model": "environment.lmesales", "pk": 15, "fields": {"lme": 35, "customer_name": "Mama Mwangi", "customer_phone_number": "0726290489", "stove": 3, "stove_price": "1500.00", "date_of_purchase": "2022-08-18"}}, {"model": "environment.lmesales", "pk": 16, "fields": {"lme": 35, "customer_name": "Mary Wanjiku", "customer_phone_number": "0713640088", "stove": 4, "stove_price": "500.00", "date_of_purchase": "2022-08-18"}}, {"model": "environment.lmesales", "pk": 17, "fields": {"lme": 35, "customer_name": "Teresiah Nyambura", "customer_phone_number": "0731141907", "stove": 2, "stove_price": "1000.00", "date_of_purchase": "2022-08-18"}}, {"model": "environment.lmesales", "pk": 18, "fields": {"lme": 35, "customer_name": "Teresiah Nyambura", "customer_phone_number": "0731141907", "stove": 4, "stove_price": "500.00", "date_of_purchase": "2022-08-18"}}, {"model": "environment.lmesales", "pk": 19, "fields": {"lme": 35, "customer_name": "Mama Mwangi", "customer_phone_number": "0726290489", "stove": 4, "stove_price": "500.00", "date_of_purchase": "2022-08-18"}}, {"model": "environment.lmesales", "pk": 20, "fields": {"lme": 11, "customer_name": "Francis Katheri", "customer_phone_number": "+254 720686122", "stove": 4, "stove_price": "450.00", "date_of_purchase": "2022-09-08"}}, {"model": "environment.lmesales", "pk": 21, "fields": {"lme": 11, "customer_name": "Sophia Muchira", "customer_phone_number": "+254720317396", "stove": 4, "stove_price": "450.00", "date_of_purchase": "2022-09-09"}}, {"model": "environment.lmesales", "pk": 22, "fields": {"lme": 11, "customer_name": "Eunice Wangui", "customer_phone_number": "+254725385751", "stove": 4, "stove_price": "450.00", "date_of_purchase": "2022-09-09"}}, {"model": "environment.lmesales", "pk": 23, "fields": {"lme": 11, "customer_name": "Eunice Wangui", "customer_phone_number": "+254725385751", "stove": 4, "stove_price": "450.00", "date_of_purchase": "2022-09-09"}}, {"model": "environment.lmesales", "pk": 24, "fields": {"lme": 11, "customer_name": "Ann Wanjiku Ngaire", "customer_phone_number": "+254758664627", "stove": 4, "stove_price": "450.00", "date_of_purchase": "2022-09-09"}}, {"model": "environment.lmesales", "pk": 25, "fields": {"lme": 11, "customer_name": "Ann Wanjiku Ngaire", "customer_phone_number": "+254758664627", "stove": 4, "stove_price": "450.00", "date_of_purchase": "2022-09-09"}}, {"model": "environment.lmesales", "pk": 26, "fields": {"lme": 11, "customer_name": "Ann Wanjiku Ngaire", "customer_phone_number": "+254758664627", "stove": 4, "stove_price": "450.00", "date_of_purchase": "2022-09-09"}}, {"model": "environment.lmesales", "pk": 27, "fields": {"lme": 11, "customer_name": "Ann Wanjiku Ngaire", "customer_phone_number": "+254758664627", "stove": 4, "stove_price": "450.00", "date_of_purchase": "2022-09-09"}}, {"model": "environment.lmesales", "pk": 28, "fields": {"lme": 11, "customer_name": "Ann Wanjiku Ngaire", "customer_phone_number": "+254758664627", "stove": 4, "stove_price": "450.00", "date_of_purchase": "2022-09-09"}}, {"model": "environment.lmesales", "pk": 29, "fields": {"lme": 11, "customer_name": "Ann Wanjiku Ngaire", "customer_phone_number": "+254758664627", "stove": 4, "stove_price": "450.00", "date_of_purchase": "2022-09-09"}}, {"model": "environment.lmesales", "pk": 30, "fields": {"lme": 11, "customer_name": "Ann Wanjiku Ngaire", "customer_phone_number": "+254758664627", "stove": 4, "stove_price": "450.00", "date_of_purchase": "2022-09-09"}}, {"model": "environment.lmesales", "pk": 31, "fields": {"lme": 11, "customer_name": "Ann Wanjiku Ngaire", "customer_phone_number": "+254758664627", "stove": 4, "stove_price": "450.00", "date_of_purchase": "2022-09-09"}}, {"model": "environment.lmesales", "pk": 32, "fields": {"lme": 11, "customer_name": "Ann Wanjiku Ngaire", "customer_phone_number": "+254758664627", "stove": 4, "stove_price": "450.00", "date_of_purchase": "2022-09-09"}}, {"model": "environment.lmesales", "pk": 33, "fields": {"lme": 10, "customer_name": "Joseph Mwaniki", "customer_phone_number": "+254720080116", "stove": 6, "stove_price": "3000.00", "date_of_purchase": "2022-07-07"}}, {"model": "environment.lmesales", "pk": 34, "fields": {"lme": 10, "customer_name": "Wangeci Kiboro", "customer_phone_number": "+254114266017", "stove": 6, "stove_price": "3000.00", "date_of_purchase": "2022-07-13"}}, {"model": "environment.lmesales", "pk": 35, "fields": {"lme": 10, "customer_name": "Esther Wanjiku", "customer_phone_number": "+254718220063", "stove": 3, "stove_price": "1500.00", "date_of_purchase": "2022-07-19"}}, {"model": "environment.lmesales", "pk": 36, "fields": {"lme": 10, "customer_name": "Yvonne Muthoni", "customer_phone_number": "+254723109858", "stove": 3, "stove_price": "1500.00", "date_of_purchase": "2022-07-20"}}, {"model": "environment.lmesales", "pk": 37, "fields": {"lme": 10, "customer_name": "Kelvin Gitari", "customer_phone_number": "+254743455695", "stove": 3, "stove_price": "1500.00", "date_of_purchase": "2022-07-25"}}, {"model": "environment.lmesales", "pk": 38, "fields": {"lme": 10, "customer_name": "Carolyne Wanjiku", "customer_phone_number": "+254743041237", "stove": 3, "stove_price": "1500.00", "date_of_purchase": "2022-07-26"}}, {"model": "environment.lmesales", "pk": 39, "fields": {"lme": 10, "customer_name": "Jane Kaberia", "customer_phone_number": "+254712433369", "stove": 3, "stove_price": "1500.00", "date_of_purchase": "2022-07-28"}}, {"model": "environment.lmesales", "pk": 40, "fields": {"lme": 10, "customer_name": "Mwai", "customer_phone_number": "+25412972982", "stove": 3, "stove_price": "1500.00", "date_of_purchase": "2022-08-09"}}, {"model": "environment.lmesales", "pk": 41, "fields": {"lme": 10, "customer_name": "Peterson Gitari", "customer_phone_number": "+254712494956", "stove": 3, "stove_price": "1500.00", "date_of_purchase": "2022-08-10"}}, {"model": "environment.lmesales", "pk": 42, "fields": {"lme": 10, "customer_name": "Rosemary Thikuku", "customer_phone_number": "+254746476585", "stove": 3, "stove_price": "1500.00", "date_of_purchase": "2022-08-17"}}, {"model": "environment.lmesales", "pk": 43, "fields": {"lme": 10, "customer_name": "Bancy Wambura", "customer_phone_number": "+2547203544280", "stove": 3, "stove_price": "1500.00", "date_of_purchase": "2022-08-16"}}, {"model": "environment.lmesales", "pk": 44, "fields": {"lme": 36, "customer_name": "Cecily Wawira", "customer_phone_number": "+254706427212", "stove": 4, "stove_price": "450.00", "date_of_purchase": "2022-08-22"}}, {"model": "environment.lmesales", "pk": 45, "fields": {"lme": 36, "customer_name": "St Benedict Karua Sec", "customer_phone_number": "+254710752161", "stove": 4, "stove_price": "450.00", "date_of_purchase": "2022-08-03"}}, {"model": "environment.lmesales", "pk": 46, "fields": {"lme": 2, "customer_name": "Alice Kyalo", "customer_phone_number": "0718256347", "stove": 3, "stove_price": "2000.00", "date_of_purchase": "2022-10-03"}}, {"model": "environment.lmesales", "pk": 47, "fields": {"lme": 2, "customer_name": "Alice kyalo", "customer_phone_number": "0712848352", "stove": 4, "stove_price": "400.00", "date_of_purchase": "2022-10-03"}}, {"model": "environment.lmesales", "pk": 48, "fields": {"lme": 2, "customer_name": "Alice kyalo", "customer_phone_number": "0712848352", "stove": 7, "stove_price": "6000.00", "date_of_purchase": "2022-10-03"}}, {"model": "environment.lmesales", "pk": 51, "fields": {"lme": 15, "customer_name": "Simon Munyeka ", "customer_phone_number": "+254729991555", "stove": 4, "stove_price": "300.00", "date_of_purchase": "2022-05-12"}}, {"model": "environment.lmesales", "pk": 52, "fields": {"lme": 15, "customer_name": "Jane Mangu", "customer_phone_number": "+254725036583", "stove": 4, "stove_price": "300.00", "date_of_purchase": "2022-05-18"}}, {"model": "environment.lmesales", "pk": 53, "fields": {"lme": 15, "customer_name": "Racheal Wanyaga", "customer_phone_number": "-", "stove": 4, "stove_price": "300.00", "date_of_purchase": "2022-05-17"}}, {"model": "environment.lmesales", "pk": 54, "fields": {"lme": 15, "customer_name": "Harrison Njine", "customer_phone_number": "-", "stove": 4, "stove_price": "300.00", "date_of_purchase": "2022-05-16"}}, {"model": "environment.lmesales", "pk": 55, "fields": {"lme": 15, "customer_name": "Irene Njoki", "customer_phone_number": "-", "stove": 4, "stove_price": "300.00", "date_of_purchase": "2022-05-09"}}, {"model": "environment.lmesales", "pk": 56, "fields": {"lme": 15, "customer_name": "Agatha Mwangi", "customer_phone_number": "-", "stove": 4, "stove_price": "300.00", "date_of_purchase": "2022-05-18"}}, {"model": "environment.lmesales", "pk": 57, "fields": {"lme": 15, "customer_name": "Irene Muthanje", "customer_phone_number": "+254716357510", "stove": 4, "stove_price": "300.00", "date_of_purchase": "2022-05-18"}}, {"model": "environment.lmesales", "pk": 58, "fields": {"lme": 15, "customer_name": "Esther Muthanje ", "customer_phone_number": "+254717206682", "stove": 4, "stove_price": "300.00", "date_of_purchase": "2022-05-19"}}, {"model": "environment.lmesales", "pk": 59, "fields": {"lme": 15, "customer_name": "Nazaria Mary Njoki", "customer_phone_number": "+254713507", "stove": 4, "stove_price": "301.00", "date_of_purchase": "2022-05-18"}}, {"model": "environment.lmesales", "pk": 60, "fields": {"lme": 15, "customer_name": "Poline Wawira", "customer_phone_number": "-", "stove": 4, "stove_price": "300.00", "date_of_purchase": "2022-05-10"}}, {"model": "environment.lmesales", "pk": 61, "fields": {"lme": 15, "customer_name": "Purity Nyaguthii", "customer_phone_number": "+254788221976", "stove": 4, "stove_price": "300.00", "date_of_purchase": "2022-04-01"}}, {"model": "environment.lmesales", "pk": 62, "fields": {"lme": 15, "customer_name": "Ann Murugi", "customer_phone_number": "-", "stove": 4, "stove_price": "300.00", "date_of_purchase": "2022-04-07"}}, {"model": "environment.lmesales", "pk": 63, "fields": {"lme": 15, "customer_name": "Madrine Murugi", "customer_phone_number": "-", "stove": 4, "stove_price": "300.00", "date_of_purchase": "2022-04-06"}}, {"model": "environment.lmesales", "pk": 64, "fields": {"lme": 15, "customer_name": "Lucy Wambui", "customer_phone_number": "+254707737298", "stove": 4, "stove_price": "300.00", "date_of_purchase": "2022-04-07"}}, {"model": "environment.lmesales", "pk": 65, "fields": {"lme": 15, "customer_name": "Enet  Wanjuki", "customer_phone_number": "+254715560579", "stove": 4, "stove_price": "300.00", "date_of_purchase": "2022-04-14"}}, {"model": "environment.lmesales", "pk": 66, "fields": {"lme": 15, "customer_name": "Enet  Wanjuki", "customer_phone_number": "+254715560579", "stove": 4, "stove_price": "300.00", "date_of_purchase": "2022-04-14"}}, {"model": "environment.lmesales", "pk": 67, "fields": {"lme": 15, "customer_name": "Enet  Wanjuki", "customer_phone_number": "+254715560579", "stove": 4, "stove_price": "300.00", "date_of_purchase": "2022-04-14"}}, {"model": "environment.lmesales", "pk": 68, "fields": {"lme": 15, "customer_name": "Ziporah Njoki", "customer_phone_number": "+2547299925", "stove": 4, "stove_price": "800.00", "date_of_purchase": "2022-04-13"}}, {"model": "environment.lmesales", "pk": 69, "fields": {"lme": 15, "customer_name": "Rosemary Mangu", "customer_phone_number": "-", "stove": 4, "stove_price": "300.00", "date_of_purchase": "2022-02-17"}}, {"model": "environment.lmesales", "pk": 70, "fields": {"lme": 15, "customer_name": "Rosemary Mangu", "customer_phone_number": "-", "stove": 4, "stove_price": "300.00", "date_of_purchase": "2022-02-17"}}, {"model": "environment.lmesales", "pk": 71, "fields": {"lme": 15, "customer_name": "Rosemary Mangu", "customer_phone_number": "-", "stove": 4, "stove_price": "300.00", "date_of_purchase": "2022-02-17"}}, {"model": "environment.lmesales", "pk": 72, "fields": {"lme": 15, "customer_name": "Joyce Nundu", "customer_phone_number": "-", "stove": 4, "stove_price": "300.00", "date_of_purchase": "2022-02-08"}}, {"model": "environment.lmesales", "pk": 73, "fields": {"lme": 15, "customer_name": "Francis Njeru", "customer_phone_number": "+254710775833", "stove": 4, "stove_price": "300.00", "date_of_purchase": "2022-02-17"}}, {"model": "environment.lmesales", "pk": 74, "fields": {"lme": 15, "customer_name": "Jane Mutitu", "customer_phone_number": "+254743596361", "stove": 4, "stove_price": "300.00", "date_of_purchase": "2022-02-15"}}, {"model": "environment.lmesales", "pk": 75, "fields": {"lme": 15, "customer_name": "Jane Mutitu", "customer_phone_number": "+254743596361", "stove": 4, "stove_price": "300.00", "date_of_purchase": "2022-02-15"}}, {"model": "environment.lmesales", "pk": 76, "fields": {"lme": 15, "customer_name": "Janeffer Mumbi", "customer_phone_number": "-", "stove": 4, "stove_price": "300.00", "date_of_purchase": "2022-02-18"}}, {"model": "environment.lmesales", "pk": 77, "fields": {"lme": 15, "customer_name": "Anthony Mwaniki", "customer_phone_number": "-", "stove": 4, "stove_price": "300.00", "date_of_purchase": "2022-02-16"}}, {"model": "environment.lmesales", "pk": 78, "fields": {"lme": 15, "customer_name": "Nicholas Mwaniki", "customer_phone_number": "+254711656611", "stove": 4, "stove_price": "300.00", "date_of_purchase": "2022-02-23"}}, {"model": "environment.lmesales", "pk": 79, "fields": {"lme": 1, "customer_name": "Foridah Gathieri", "customer_phone_number": "0714555547", "stove": 9, "stove_price": "1500.00", "date_of_purchase": "2023-02-20"}}, {"model": "environment.lmesales", "pk": 80, "fields": {"lme": 1, "customer_name": "Karanja Githang'i", "customer_phone_number": "0717321044", "stove": 3, "stove_price": "1500.00", "date_of_purchase": "2023-02-15"}}, {"model": "environment.lmesales", "pk": 81, "fields": {"lme": 1, "customer_name": "Florida Gathieri", "customer_phone_number": "0714555547", "stove": 1, "stove_price": "1500.00", "date_of_purchase": "2023-02-20"}}, {"model": "environment.lmesales", "pk": 82, "fields": {"lme": 1, "customer_name": "Mary Wanjiru", "customer_phone_number": "0700707657", "stove": 3, "stove_price": "1500.00", "date_of_purchase": "2023-02-09"}}, {"model": "environment.lmesales", "pk": 83, "fields": {"lme": 1, "customer_name": "Jecinta", "customer_phone_number": "0799699634", "stove": 3, "stove_price": "1500.00", "date_of_purchase": "2023-02-12"}}, {"model": "environment.lmesales", "pk": 86, "fields": {"lme": 3, "customer_name": "Lucy Ruth kimani", "customer_phone_number": "0727987208", "stove": 2, "stove_price": "350.00", "date_of_purchase": "2023-01-29"}}, {"model": "environment.lmesales", "pk": 92, "fields": {"lme": 3, "customer_name": "Lucy Ruth Kimani", "customer_phone_number": "0727987208", "stove": 2, "stove_price": "350.00", "date_of_purchase": "2023-01-29"}}, {"model": "environment.lmesales", "pk": 97, "fields": {"lme": 3, "customer_name": "Veta wacui", "customer_phone_number": "0757498466", "stove": 2, "stove_price": "350.00", "date_of_purchase": "2023-02-02"}}, {"model": "environment.lmesales", "pk": 106, "fields": {"lme": 3, "customer_name": "Veta Wacui", "customer_phone_number": "0757498466", "stove": 2, "stove_price": "350.00", "date_of_purchase": "2023-02-21"}}, {"model": "environment.lmesales", "pk": 108, "fields": {"lme": 1, "customer_name": "Bonface kirubi", "customer_phone_number": "0716564467", "stove": 2, "stove_price": "1500.00", "date_of_purchase": "2023-02-21"}}, {"model": "environment.lmesales", "pk": 112, "fields": {"lme": 3, "customer_name": "Mrs mugeka", "customer_phone_number": "0724096925", "stove": 3, "stove_price": "350.00", "date_of_purchase": "2023-02-02"}}, {"model": "environment.lmesales", "pk": 113, "fields": {"lme": 3, "customer_name": "Mrs Mugeka", "customer_phone_number": "0724096925", "stove": 3, "stove_price": "350.00", "date_of_purchase": "2023-02-02"}}, {"model": "environment.lmesales", "pk": 114, "fields": {"lme": 3, "customer_name": "Mrs Mugeka", "customer_phone_number": "0724096925", "stove": 3, "stove_price": "350.00", "date_of_purchase": "2023-02-02"}}, {"model": "environment.lmesales", "pk": 118, "fields": {"lme": 1, "customer_name": "Simon mwangi", "customer_phone_number": "0704783003", "stove": 6, "stove_price": "1500.00", "date_of_purchase": "2023-03-01"}}, {"model": "environment.lmesales", "pk": 120, "fields": {"lme": 1, "customer_name": "Simon mwangi", "customer_phone_number": "0704783003", "stove": 3, "stove_price": "1500.00", "date_of_purchase": "2023-03-01"}}, {"model": "environment.lmesales", "pk": 121, "fields": {"lme": 1, "customer_name": "Wanjeri Julies", "customer_phone_number": "0742156358", "stove": 4, "stove_price": "800.00", "date_of_purchase": "2023-03-01"}}, {"model": "environment.lmesales", "pk": 122, "fields": {"lme": 1, "customer_name": "Wanjeri Julies", "customer_phone_number": "0742156358", "stove": 4, "stove_price": "800.00", "date_of_purchase": "2023-03-01"}}, {"model": "environment.lmesales", "pk": 123, "fields": {"lme": 1, "customer_name": "Wanjeri Julies", "customer_phone_number": "0742156358", "stove": 4, "stove_price": "400.00", "date_of_purchase": "2023-03-01"}}, {"model": "environment.lmesales", "pk": 124, "fields": {"lme": 1, "customer_name": "Joyce wanjiru", "customer_phone_number": "0721335646", "stove": 6, "stove_price": "1500.00", "date_of_purchase": "2023-03-08"}}, {"model": "environment.lmesales", "pk": 125, "fields": {"lme": 1, "customer_name": "Grace mwangi", "customer_phone_number": "0745628434", "stove": 4, "stove_price": "300.00", "date_of_purchase": "2023-03-05"}}, {"model": "environment.lmesales", "pk": 126, "fields": {"lme": 39, "customer_name": "mama Munene", "customer_phone_number": "07206733 25", "stove": 6, "stove_price": "1200.00", "date_of_purchase": "2023-10-10"}}, {"model": "environment.lmesales", "pk": 127, "fields": {"lme": 39, "customer_name": "Rosaline Muchira", "customer_phone_number": "0739609902", "stove": 2, "stove_price": "3000.00", "date_of_purchase": "2022-09-01"}}, {"model": "environment.lmesales", "pk": 128, "fields": {"lme": 39, "customer_name": "Mercy Murugi ", "customer_phone_number": "0700496746", "stove": 2, "stove_price": "300.00", "date_of_purchase": "2022-09-01"}}, {"model": "environment.lmesales", "pk": 129, "fields": {"lme": 39, "customer_name": "Venanzia Njoki ", "customer_phone_number": "0704364112", "stove": 2, "stove_price": "600.00", "date_of_purchase": "2022-09-01"}}, {"model": "environment.lmesales", "pk": 130, "fields": {"lme": 39, "customer_name": "Philes Muthoni", "customer_phone_number": "0745168378", "stove": 2, "stove_price": "600.00", "date_of_purchase": "2022-09-01"}}, {"model": "environment.lmesales", "pk": 131, "fields": {"lme": 39, "customer_name": "Samwel njiru", "customer_phone_number": "0725223356", "stove": 2, "stove_price": "600.00", "date_of_purchase": "2022-09-01"}}, {"model": "environment.lmesales", "pk": 132, "fields": {"lme": 39, "customer_name": "Njeri Amina", "customer_phone_number": "0715314304", "stove": 2, "stove_price": "1200.00", "date_of_purchase": "2022-09-01"}}, {"model": "environment.lmesales", "pk": 133, "fields": {"lme": 39, "customer_name": "Kanjiru Jackline", "customer_phone_number": "n/a", "stove": 6, "stove_price": "300.00", "date_of_purchase": "2024-01-08"}}, {"model": "environment.lmesales", "pk": 134, "fields": {"lme": 39, "customer_name": "Marion Wanyaga", "customer_phone_number": "0716570924", "stove": 2, "stove_price": "300.00", "date_of_purchase": "2022-09-01"}}, {"model": "environment.monthlylmesales", "pk": 1, "fields": {"lme": 1, "month": "2022-06-03", "month_string": "June", "year_number": 2022, "jiko_kisasa": 0, "kcj": 0, "multipurpose": 0, "liners": 1, "rocket": 0}}, {"model": "environment.monthlylmesales", "pk": 2, "fields": {"lme": 3, "month": "2022-06-15", "month_string": "June", "year_number": 2022, "jiko_kisasa": 0, "kcj": 0, "multipurpose": 0, "liners": 1, "rocket": 0}}, {"model": "environment.monthlylmesales", "pk": 3, "fields": {"lme": 6, "month": "2022-06-28", "month_string": "June", "year_number": 2022, "jiko_kisasa": 0, "kcj": 0, "multipurpose": 0, "liners": 7, "rocket": 0}}, {"model": "environment.monthlylmesales", "pk": 4, "fields": {"lme": 3, "month": "2022-07-08", "month_string": "July", "year_number": 2022, "jiko_kisasa": 0, "kcj": 0, "multipurpose": 0, "liners": 1, "rocket": 0}}, {"model": "environment.monthlylmesales", "pk": 5, "fields": {"lme": 9, "month": "2022-07-06", "month_string": "July", "year_number": 2022, "jiko_kisasa": 1, "kcj": 0, "multipurpose": 0, "liners": 1, "rocket": 0}}, {"model": "environment.monthlylmesales", "pk": 6, "fields": {"lme": 35, "month": "2022-08-18", "month_string": "August", "year_number": 2022, "jiko_kisasa": 1, "kcj": 0, "multipurpose": 3, "liners": 3, "rocket": 0}}, {"model": "environment.monthlylmesales", "pk": 7, "fields": {"lme": 11, "month": "2022-09-08", "month_string": "September", "year_number": 2022, "jiko_kisasa": 0, "kcj": 0, "multipurpose": 0, "liners": 13, "rocket": 0}}, {"model": "environment.monthlylmesales", "pk": 8, "fields": {"lme": 10, "month": "2022-07-07", "month_string": "July", "year_number": 2022, "jiko_kisasa": 2, "kcj": 0, "multipurpose": 5, "liners": 0, "rocket": 0}}, {"model": "environment.monthlylmesales", "pk": 9, "fields": {"lme": 10, "month": "2022-08-09", "month_string": "August", "year_number": 2022, "jiko_kisasa": 0, "kcj": 0, "multipurpose": 4, "liners": 0, "rocket": 0}}, {"model": "environment.monthlylmesales", "pk": 10, "fields": {"lme": 36, "month": "2022-08-22", "month_string": "August", "year_number": 2022, "jiko_kisasa": 0, "kcj": 0, "multipurpose": 0, "liners": 2, "rocket": 0}}, {"model": "environment.monthlylmesales", "pk": 11, "fields": {"lme": 2, "month": "2022-10-03", "month_string": "October", "year_number": 2022, "jiko_kisasa": 0, "kcj": 0, "multipurpose": 1, "liners": 1, "rocket": 1}}, {"model": "environment.monthlylmesales", "pk": 12, "fields": {"lme": 15, "month": "2022-05-12", "month_string": "May", "year_number": 2022, "jiko_kisasa": 0, "kcj": 0, "multipurpose": 0, "liners": 10, "rocket": 0}}, {"model": "environment.monthlylmesales", "pk": 13, "fields": {"lme": 15, "month": "2022-04-01", "month_string": "April", "year_number": 2022, "jiko_kisasa": 0, "kcj": 0, "multipurpose": 0, "liners": 8, "rocket": 0}}, {"model": "environment.monthlylmesales", "pk": 14, "fields": {"lme": 15, "month": "2022-02-17", "month_string": "February", "year_number": 2022, "jiko_kisasa": 0, "kcj": 0, "multipurpose": 0, "liners": 1, "rocket": 0}}, {"model": "environment.monthlylmesales", "pk": 15, "fields": {"lme": 15, "month": "2022-02-17", "month_string": "February", "year_number": 2022, "jiko_kisasa": 0, "kcj": 0, "multipurpose": 0, "liners": 1, "rocket": 0}}, {"model": "environment.monthlylmesales", "pk": 16, "fields": {"lme": 15, "month": "2022-02-17", "month_string": "February", "year_number": 2022, "jiko_kisasa": 0, "kcj": 0, "multipurpose": 0, "liners": 1, "rocket": 0}}, {"model": "environment.monthlylmesales", "pk": 17, "fields": {"lme": 15, "month": "2022-02-08", "month_string": "February", "year_number": 2022, "jiko_kisasa": 0, "kcj": 0, "multipurpose": 0, "liners": 1, "rocket": 0}}, {"model": "environment.monthlylmesales", "pk": 18, "fields": {"lme": 15, "month": "2022-02-17", "month_string": "February", "year_number": 2022, "jiko_kisasa": 0, "kcj": 0, "multipurpose": 0, "liners": 1, "rocket": 0}}, {"model": "environment.monthlylmesales", "pk": 19, "fields": {"lme": 15, "month": "2022-02-15", "month_string": "February", "year_number": 2022, "jiko_kisasa": 0, "kcj": 0, "multipurpose": 0, "liners": 1, "rocket": 0}}, {"model": "environment.monthlylmesales", "pk": 20, "fields": {"lme": 15, "month": "2022-02-15", "month_string": "February", "year_number": 2022, "jiko_kisasa": 0, "kcj": 0, "multipurpose": 0, "liners": 1, "rocket": 0}}, {"model": "environment.monthlylmesales", "pk": 21, "fields": {"lme": 15, "month": "2022-02-18", "month_string": "February", "year_number": 2022, "jiko_kisasa": 0, "kcj": 0, "multipurpose": 0, "liners": 1, "rocket": 0}}, {"model": "environment.monthlylmesales", "pk": 22, "fields": {"lme": 15, "month": "2022-02-16", "month_string": "February", "year_number": 2022, "jiko_kisasa": 0, "kcj": 0, "multipurpose": 0, "liners": 1, "rocket": 0}}, {"model": "environment.monthlylmesales", "pk": 23, "fields": {"lme": 15, "month": "2022-02-23", "month_string": "February", "year_number": 2022, "jiko_kisasa": 0, "kcj": 0, "multipurpose": 0, "liners": 1, "rocket": 0}}, {"model": "environment.monthlylmesales", "pk": 24, "fields": {"lme": 1, "month": "2023-02-20", "month_string": "February", "year_number": 2023, "jiko_kisasa": 1, "kcj": 1, "multipurpose": 3, "liners": 0, "rocket": 0}}, {"model": "environment.monthlylmesales", "pk": 25, "fields": {"lme": 3, "month": "2023-01-29", "month_string": "January", "year_number": 2023, "jiko_kisasa": 2, "kcj": 0, "multipurpose": 0, "liners": 0, "rocket": 0}}, {"model": "environment.monthlylmesales", "pk": 26, "fields": {"lme": 3, "month": "2023-02-02", "month_string": "February", "year_number": 2023, "jiko_kisasa": 2, "kcj": 0, "multipurpose": 3, "liners": 0, "rocket": 0}}, {"model": "environment.monthlylmesales", "pk": 27, "fields": {"lme": 1, "month": "2023-03-01", "month_string": "March", "year_number": 2023, "jiko_kisasa": 2, "kcj": 0, "multipurpose": 1, "liners": 4, "rocket": 0}}, {"model": "environment.monthlylmesales", "pk": 28, "fields": {"lme": 39, "month": "2023-10-10", "month_string": "October", "year_number": 2023, "jiko_kisasa": 1, "kcj": 0, "multipurpose": 0, "liners": 0, "rocket": 0}}, {"model": "environment.monthlylmesales", "pk": 29, "fields": {"lme": 39, "month": "2022-09-01", "month_string": "September", "year_number": 2022, "jiko_kisasa": 7, "kcj": 0, "multipurpose": 0, "liners": 0, "rocket": 0}}, {"model": "environment.monthlylmesales", "pk": 30, "fields": {"lme": 39, "month": "2024-01-08", "month_string": "January", "year_number": 2024, "jiko_kisasa": 1, "kcj": 0, "multipurpose": 0, "liners": 0, "rocket": 0}}, {"model": "environment.treegrowing", "pk": 1, "fields": {"factory": 49, "partner": "GIZ", "venue": "Wecha", "trees_planted": 3000, "date": "2022-06-06", "indigenous_trees": 3000, "exotic_trees": 0, "fruit_trees": 0, "planting_location": null}}, {"model": "environment.treegrowing", "pk": 2, "fields": {"factory": 28, "partner": "ERCHRE", "venue": "Castle Forest", "trees_planted": 7000, "date": "2022-06-02", "indigenous_trees": 7000, "exotic_trees": 0, "fruit_trees": 0, "planting_location": null}}, {"model": "environment.treegrowing", "pk": 3, "fields": {"factory": 2, "partner": "ERCHRE", "venue": "Small holder farms", "trees_planted": 22200, "date": "2022-06-06", "indigenous_trees": 21200, "exotic_trees": 0, "fruit_trees": 2055, "planting_location": null}}, {"model": "environment.treegrowing", "pk": 4, "fields": {"factory": 28, "partner": "ERCHRE", "venue": "Small holder farms", "trees_planted": 5307, "date": "2022-04-13", "indigenous_trees": 2000, "exotic_trees": 500, "fruit_trees": 2807, "planting_location": null}}, {"model": "environment.treegrowing", "pk": 5, "fields": {"factory": 69, "partner": "ERCHRE", "venue": "Small holder farms", "trees_planted": 0, "date": "2022-05-11", "indigenous_trees": 0, "exotic_trees": 5240, "fruit_trees": 0, "planting_location": null}}, {"model": "environment.treegrowing", "pk": 6, "fields": {"factory": 104, "partner": "ERCHRE", "venue": "Small holder farms", "trees_planted": 0, "date": "2022-04-06", "indigenous_trees": 14000, "exotic_trees": 0, "fruit_trees": 1974, "planting_location": null}}, {"model": "environment.treegrowing", "pk": 7, "fields": {"factory": 10, "partner": "ERCHRE", "venue": "Schools", "trees_planted": 0, "date": "2022-05-19", "indigenous_trees": 365, "exotic_trees": 1860, "fruit_trees": 830, "planting_location": null}}, {"model": "environment.treegrowing", "pk": 8, "fields": {"factory": 56, "partner": "ERCHRE", "venue": "Schools and small holder farms", "trees_planted": 6314, "date": "2022-04-28", "indigenous_trees": 2100, "exotic_trees": 2100, "fruit_trees": 2114, "planting_location": null}}, {"model": "environment.treegrowing", "pk": 9, "fields": {"factory": 40, "partner": "ERCHRE", "venue": "Schools and small holder farms", "trees_planted": 17100, "date": "2022-05-10", "indigenous_trees": 17100, "exotic_trees": 0, "fruit_trees": 0, "planting_location": null}}, {"model": "environment.treegrowing", "pk": 10, "fields": {"factory": 70, "partner": "ERCHRE", "venue": "Schools and small holder farms", "trees_planted": 20080, "date": "2022-05-18", "indigenous_trees": 11200, "exotic_trees": 7517, "fruit_trees": 1363, "planting_location": null}}, {"model": "environment.treegrowing", "pk": 11, "fields": {"factory": 18, "partner": "ERCHRE", "venue": "Schools and small holder farms", "trees_planted": 53968, "date": "2022-04-28", "indigenous_trees": 53500, "exotic_trees": 0, "fruit_trees": 468, "planting_location": null}}, {"model": "environment.treegrowing", "pk": 12, "fields": {"factory": 61, "partner": "ERCHRE", "venue": "Schools and small holder farms", "trees_planted": 4817, "date": "2022-04-21", "indigenous_trees": 2000, "exotic_trees": 2025, "fruit_trees": 792, "planting_location": null}}, {"model": "environment.treegrowing", "pk": 13, "fields": {"factory": 44, "partner": "ERCHRE", "venue": "Schools", "trees_planted": 23000, "date": "2022-06-04", "indigenous_trees": 23000, "exotic_trees": 0, "fruit_trees": 0, "planting_location": null}}, {"model": "environment.treegrowing", "pk": 14, "fields": {"factory": 12, "partner": "ERCHRE", "venue": "Schools and small holder farms", "trees_planted": 3000, "date": "2022-05-11", "indigenous_trees": 1500, "exotic_trees": 1500, "fruit_trees": 0, "planting_location": null}}, {"model": "environment.treegrowing", "pk": 15, "fields": {"factory": 210, "partner": "TBK", "venue": "Small holder farms", "trees_planted": 30000, "date": "2022-07-08", "indigenous_trees": 30000, "exotic_trees": 0, "fruit_trees": 0, "planting_location": null}}, {"model": "environment.treegrowing", "pk": 16, "fields": {"factory": 34, "partner": null, "venue": "Small holder farms", "trees_planted": 120, "date": "2022-10-11", "indigenous_trees": 0, "exotic_trees": 120, "fruit_trees": 0, "planting_location": null}}, {"model": "environment.treegrowing", "pk": 17, "fields": {"factory": 34, "partner": null, "venue": "Small holder farms", "trees_planted": 120, "date": "2022-10-11", "indigenous_trees": 0, "exotic_trees": 120, "fruit_trees": 0, "planting_location": null}}, {"model": "environment.treegrowing", "pk": 18, "fields": {"factory": 34, "partner": null, "venue": "Small holder farms", "trees_planted": 120, "date": "2022-10-11", "indigenous_trees": 0, "exotic_trees": 120, "fruit_trees": 0, "planting_location": null}}, {"model": "environment.treegrowing", "pk": 19, "fields": {"factory": 34, "partner": null, "venue": "Gatimbi BC farmers", "trees_planted": 620, "date": "2022-10-08", "indigenous_trees": 310, "exotic_trees": 310, "fruit_trees": 0, "planting_location": null}}, {"model": "environment.treegrowing", "pk": 20, "fields": {"factory": 184, "partner": null, "venue": "Mau Forest", "trees_planted": 2000, "date": "2022-08-16", "indigenous_trees": 2000, "exotic_trees": 0, "fruit_trees": 0, "planting_location": null}}, {"model": "environment.treegrowing", "pk": 21, "fields": {"factory": 122, "partner": "GIZ", "venue": "Kapkatet Primary School", "trees_planted": 700, "date": "2022-10-27", "indigenous_trees": 0, "exotic_trees": 0, "fruit_trees": 700, "planting_location": "SRID=4326;POINT (35.196161 -0.631816)"}}, {"model": "environment.treegrowing", "pk": 22, "fields": {"factory": 70, "partner": "GIZ, DTB Bank, Chai Sacco, Majani Insurance,  Equity Bank", "venue": "Kapkongor Primary School", "trees_planted": 15000, "date": "2023-06-05", "indigenous_trees": 10000, "exotic_trees": 2995, "fruit_trees": 2000, "planting_location": "SRID=4326;POINT (35.151793 1.129961)"}}, {"model": "environment.treegrowing", "pk": 23, "fields": {"factory": 33, "partner": "GIZ", "venue": null, "trees_planted": 1500, "date": "2023-05-02", "indigenous_trees": 1500, "exotic_trees": 0, "fruit_trees": 0, "planting_location": null}}, {"model": "environment.customsalesreport", "pk": 1, "fields": {"created_by": 15, "query_lme": "", "query_month": "June", "query_year": 2022, "query_factory": "Kagwe", "query_jiko_kisasa": false, "query_kcj": false, "query_multipurpose": false, "query_liners": true, "query_rocket": false, "query_start_date": "2022-06-27", "query_end_date": "2022-06-29", "no_query_results": false, "date_created": "2022-06-29T10:47:18.385Z"}}, {"model": "environment.customsalesreport", "pk": 2, "fields": {"created_by": 5, "query_lme": "", "query_month": "", "query_year": null, "query_factory": "", "query_jiko_kisasa": true, "query_kcj": false, "query_multipurpose": false, "query_liners": true, "query_rocket": false, "query_start_date": null, "query_end_date": "2022-07-15", "no_query_results": false, "date_created": "2022-07-15T03:38:39.584Z"}}, {"model": "environment.customsalesreport", "pk": 3, "fields": {"created_by": 16, "query_lme": "", "query_month": "June", "query_year": null, "query_factory": "", "query_jiko_kisasa": false, "query_kcj": false, "query_multipurpose": false, "query_liners": false, "query_rocket": false, "query_start_date": null, "query_end_date": "2022-08-12", "no_query_results": false, "date_created": "2022-08-12T09:30:38.394Z"}}, {"model": "environment.customsalesreport", "pk": 4, "fields": {"created_by": 3, "query_lme": "", "query_month": "", "query_year": null, "query_factory": "", "query_jiko_kisasa": false, "query_kcj": false, "query_multipurpose": true, "query_liners": false, "query_rocket": false, "query_start_date": null, "query_end_date": "2022-08-18", "no_query_results": false, "date_created": "2022-08-18T06:15:32.486Z"}}, {"model": "environment.customsalesreport", "pk": 5, "fields": {"created_by": 16, "query_lme": "", "query_month": "", "query_year": null, "query_factory": "", "query_jiko_kisasa": false, "query_kcj": false, "query_multipurpose": true, "query_liners": false, "query_rocket": false, "query_start_date": null, "query_end_date": "2022-08-23", "no_query_results": false, "date_created": "2022-08-23T12:37:36.472Z"}}, {"model": "environment.customsalesreport", "pk": 6, "fields": {"created_by": 16, "query_lme": "", "query_month": "", "query_year": null, "query_factory": "", "query_jiko_kisasa": false, "query_kcj": false, "query_multipurpose": true, "query_liners": false, "query_rocket": false, "query_start_date": null, "query_end_date": "2022-08-23", "no_query_results": false, "date_created": "2022-08-23T12:46:13.818Z"}}, {"model": "environment.customsalesreport", "pk": 7, "fields": {"created_by": 16, "query_lme": "", "query_month": "", "query_year": null, "query_factory": "", "query_jiko_kisasa": true, "query_kcj": true, "query_multipurpose": true, "query_liners": true, "query_rocket": true, "query_start_date": null, "query_end_date": "2022-09-12", "no_query_results": false, "date_created": "2022-09-12T13:35:23.218Z"}}, {"model": "environment.customsalesreport", "pk": 8, "fields": {"created_by": 16, "query_lme": "", "query_month": "", "query_year": null, "query_factory": "", "query_jiko_kisasa": true, "query_kcj": true, "query_multipurpose": true, "query_liners": true, "query_rocket": true, "query_start_date": null, "query_end_date": "2022-09-16", "no_query_results": false, "date_created": "2022-09-16T08:41:30.496Z"}}, {"model": "environment.customsalesreport", "pk": 9, "fields": {"created_by": 16, "query_lme": "", "query_month": "", "query_year": null, "query_factory": "", "query_jiko_kisasa": true, "query_kcj": true, "query_multipurpose": true, "query_liners": true, "query_rocket": true, "query_start_date": null, "query_end_date": "2022-09-16", "no_query_results": false, "date_created": "2022-09-16T08:42:10.848Z"}}, {"model": "environment.customsalesreport", "pk": 10, "fields": {"created_by": 16, "query_lme": "", "query_month": "", "query_year": null, "query_factory": "", "query_jiko_kisasa": true, "query_kcj": true, "query_multipurpose": true, "query_liners": true, "query_rocket": true, "query_start_date": null, "query_end_date": "2022-09-16", "no_query_results": false, "date_created": "2022-09-16T08:42:56.889Z"}}, {"model": "environment.customsalesreport", "pk": 11, "fields": {"created_by": 3, "query_lme": "", "query_month": "", "query_year": null, "query_factory": "", "query_jiko_kisasa": true, "query_kcj": false, "query_multipurpose": false, "query_liners": false, "query_rocket": false, "query_start_date": null, "query_end_date": "2022-09-16", "no_query_results": false, "date_created": "2022-09-16T08:42:58.428Z"}}, {"model": "environment.customsalesreport", "pk": 12, "fields": {"created_by": 21, "query_lme": "", "query_month": "", "query_year": null, "query_factory": "", "query_jiko_kisasa": true, "query_kcj": false, "query_multipurpose": false, "query_liners": false, "query_rocket": false, "query_start_date": null, "query_end_date": "2022-11-09", "no_query_results": false, "date_created": "2022-11-09T08:28:37.714Z"}}, {"model": "environment.customsalesreport", "pk": 13, "fields": {"created_by": 16, "query_lme": "", "query_month": "March", "query_year": null, "query_factory": "", "query_jiko_kisasa": true, "query_kcj": false, "query_multipurpose": true, "query_liners": true, "query_rocket": true, "query_start_date": null, "query_end_date": "2023-06-08", "no_query_results": false, "date_created": "2023-06-08T08:14:49.594Z"}}]